CREATE DATABASE  IF NOT EXISTS `nlb` /*!40100 DEFAULT CHARACTER SET utf8 */;
USE `nlb`;
-- MySQL dump 10.13  Distrib 5.7.17, for Win64 (x86_64)
--
-- Host: 127.0.0.1    Database: nlb
-- ------------------------------------------------------
-- Server version	5.5.40

/*!40101 SET @OLD_CHARACTER_SET_CLIENT=@@CHARACTER_SET_CLIENT */;
/*!40101 SET @OLD_CHARACTER_SET_RESULTS=@@CHARACTER_SET_RESULTS */;
/*!40101 SET @OLD_COLLATION_CONNECTION=@@COLLATION_CONNECTION */;
/*!40101 SET NAMES utf8 */;
/*!40103 SET @OLD_TIME_ZONE=@@TIME_ZONE */;
/*!40103 SET TIME_ZONE='+00:00' */;
/*!40014 SET @OLD_UNIQUE_CHECKS=@@UNIQUE_CHECKS, UNIQUE_CHECKS=0 */;
/*!40014 SET @OLD_FOREIGN_KEY_CHECKS=@@FOREIGN_KEY_CHECKS, FOREIGN_KEY_CHECKS=0 */;
/*!40101 SET @OLD_SQL_MODE=@@SQL_MODE, SQL_MODE='NO_AUTO_VALUE_ON_ZERO' */;
/*!40111 SET @OLD_SQL_NOTES=@@SQL_NOTES, SQL_NOTES=0 */;

--
-- Table structure for table `city`
--

DROP TABLE IF EXISTS `city`;
/*!40101 SET @saved_cs_client     = @@character_set_client */;
/*!40101 SET character_set_client = utf8 */;
CREATE TABLE `city` (
  `id` int(11) NOT NULL AUTO_INCREMENT,
  `name` varchar(45) NOT NULL,
  `district_id` int(11) NOT NULL,
  PRIMARY KEY (`id`),
  KEY `fk_city_district1_idx` (`district_id`),
  CONSTRAINT `fk_city_district1` FOREIGN KEY (`district_id`) REFERENCES `district` (`id`) ON DELETE NO ACTION ON UPDATE NO ACTION
) ENGINE=InnoDB AUTO_INCREMENT=9 DEFAULT CHARSET=utf8;
/*!40101 SET character_set_client = @saved_cs_client */;

--
-- Dumping data for table `city`
--

LOCK TABLES `city` WRITE;
/*!40000 ALTER TABLE `city` DISABLE KEYS */;
INSERT INTO `city` VALUES (1,'Gampaha',1),(2,'Kilinochchi',5),(3,'Galle',2),(4,'Minuwangoda',1),(5,'Ahangama',2),(6,'Negombo',1),(7,'Kaluthara',6),(8,'Wadduwa',6);
/*!40000 ALTER TABLE `city` ENABLE KEYS */;
UNLOCK TABLES;

--
-- Table structure for table `civilstatus`
--

DROP TABLE IF EXISTS `civilstatus`;
/*!40101 SET @saved_cs_client     = @@character_set_client */;
/*!40101 SET character_set_client = utf8 */;
CREATE TABLE `civilstatus` (
  `id` int(11) NOT NULL AUTO_INCREMENT,
  `name` varchar(45) DEFAULT NULL,
  PRIMARY KEY (`id`)
) ENGINE=InnoDB AUTO_INCREMENT=3 DEFAULT CHARSET=utf8;
/*!40101 SET character_set_client = @saved_cs_client */;

--
-- Dumping data for table `civilstatus`
--

LOCK TABLES `civilstatus` WRITE;
/*!40000 ALTER TABLE `civilstatus` DISABLE KEYS */;
INSERT INTO `civilstatus` VALUES (1,'Married'),(2,'Single');
/*!40000 ALTER TABLE `civilstatus` ENABLE KEYS */;
UNLOCK TABLES;

--
-- Table structure for table `day`
--

DROP TABLE IF EXISTS `day`;
/*!40101 SET @saved_cs_client     = @@character_set_client */;
/*!40101 SET character_set_client = utf8 */;
CREATE TABLE `day` (
  `id` int(11) NOT NULL AUTO_INCREMENT,
  `name` varchar(45) DEFAULT NULL,
  PRIMARY KEY (`id`)
) ENGINE=InnoDB AUTO_INCREMENT=8 DEFAULT CHARSET=utf8;
/*!40101 SET character_set_client = @saved_cs_client */;

--
-- Dumping data for table `day`
--

LOCK TABLES `day` WRITE;
/*!40000 ALTER TABLE `day` DISABLE KEYS */;
INSERT INTO `day` VALUES (1,'Monday'),(2,'Tuesday'),(3,'Wednesday'),(4,'Thursday'),(5,'Friday'),(6,'Saturday'),(7,'Sunday');
/*!40000 ALTER TABLE `day` ENABLE KEYS */;
UNLOCK TABLES;

--
-- Table structure for table `dealer`
--

DROP TABLE IF EXISTS `dealer`;
/*!40101 SET @saved_cs_client     = @@character_set_client */;
/*!40101 SET character_set_client = utf8 */;
CREATE TABLE `dealer` (
  `id` int(11) NOT NULL AUTO_INCREMENT,
  `fullname` varchar(150) NOT NULL,
  `nic` char(12) NOT NULL,
  `address` text,
  `mobile` char(10) DEFAULT NULL,
  `land` char(10) DEFAULT NULL,
  `email` varchar(100) DEFAULT NULL,
  `city_id` int(11) NOT NULL,
  `dealerstatus_id` int(11) NOT NULL,
  `gender_id` int(11) NOT NULL,
  PRIMARY KEY (`id`),
  KEY `fk_dealer_city1_idx` (`city_id`),
  KEY `fk_dealer_dealerstatus1_idx` (`dealerstatus_id`),
  KEY `fk_dealer_gender1_idx` (`gender_id`),
  CONSTRAINT `fk_dealer_city1` FOREIGN KEY (`city_id`) REFERENCES `city` (`id`) ON DELETE NO ACTION ON UPDATE NO ACTION,
  CONSTRAINT `fk_dealer_dealerstatus1` FOREIGN KEY (`dealerstatus_id`) REFERENCES `dealerstatus` (`id`) ON DELETE NO ACTION ON UPDATE NO ACTION,
  CONSTRAINT `fk_dealer_gender1` FOREIGN KEY (`gender_id`) REFERENCES `gender` (`id`) ON DELETE NO ACTION ON UPDATE NO ACTION
) ENGINE=InnoDB AUTO_INCREMENT=8 DEFAULT CHARSET=utf8;
/*!40101 SET character_set_client = @saved_cs_client */;

--
-- Dumping data for table `dealer`
--

LOCK TABLES `dealer` WRITE;
/*!40000 ALTER TABLE `dealer` DISABLE KEYS */;
INSERT INTO `dealer` VALUES (1,'Saman Kumara','199045124585','Galle','0778545111','0915625455','saman@gmail.com',8,1,1),(2,'Geetha Perera','196845256584','Gampaha','0765826545','0332252654','geetha2@ymail.com',7,1,2),(3,'Shashi Samaraweera','199654582545','AH','0774512454','0111254151','sandani@gmail.com',3,1,2),(6,'Nimal Pieris','196025458525','HHHH','0778545225','0332545854','nimal@gmail.com',4,1,1),(7,'Hasitha','199545826547','AAAA','0752154658','0115425846','hasi@gmail.com',6,1,1);
/*!40000 ALTER TABLE `dealer` ENABLE KEYS */;
UNLOCK TABLES;

--
-- Table structure for table `dealerstatus`
--

DROP TABLE IF EXISTS `dealerstatus`;
/*!40101 SET @saved_cs_client     = @@character_set_client */;
/*!40101 SET character_set_client = utf8 */;
CREATE TABLE `dealerstatus` (
  `id` int(11) NOT NULL AUTO_INCREMENT,
  `name` varchar(45) NOT NULL,
  PRIMARY KEY (`id`)
) ENGINE=InnoDB AUTO_INCREMENT=4 DEFAULT CHARSET=utf8;
/*!40101 SET character_set_client = @saved_cs_client */;

--
-- Dumping data for table `dealerstatus`
--

LOCK TABLES `dealerstatus` WRITE;
/*!40000 ALTER TABLE `dealerstatus` DISABLE KEYS */;
INSERT INTO `dealerstatus` VALUES (1,'Working'),(2,'Fired'),(3,'Retired');
/*!40000 ALTER TABLE `dealerstatus` ENABLE KEYS */;
UNLOCK TABLES;

--
-- Table structure for table `designation`
--

DROP TABLE IF EXISTS `designation`;
/*!40101 SET @saved_cs_client     = @@character_set_client */;
/*!40101 SET character_set_client = utf8 */;
CREATE TABLE `designation` (
  `id` int(11) NOT NULL AUTO_INCREMENT,
  `name` varchar(45) DEFAULT NULL,
  PRIMARY KEY (`id`)
) ENGINE=InnoDB AUTO_INCREMENT=7 DEFAULT CHARSET=utf8;
/*!40101 SET character_set_client = @saved_cs_client */;

--
-- Dumping data for table `designation`
--

LOCK TABLES `designation` WRITE;
/*!40000 ALTER TABLE `designation` DISABLE KEYS */;
INSERT INTO `designation` VALUES (1,'Owner'),(2,'AGM IT'),(3,'AGM Procurement'),(4,'AGM Distribution'),(5,'Accountant'),(6,'District Dealer');
/*!40000 ALTER TABLE `designation` ENABLE KEYS */;
UNLOCK TABLES;

--
-- Table structure for table `digittype`
--

DROP TABLE IF EXISTS `digittype`;
/*!40101 SET @saved_cs_client     = @@character_set_client */;
/*!40101 SET character_set_client = utf8 */;
CREATE TABLE `digittype` (
  `id` int(11) NOT NULL AUTO_INCREMENT,
  `name` varchar(45) DEFAULT NULL,
  PRIMARY KEY (`id`)
) ENGINE=InnoDB AUTO_INCREMENT=6 DEFAULT CHARSET=utf8;
/*!40101 SET character_set_client = @saved_cs_client */;

--
-- Dumping data for table `digittype`
--

LOCK TABLES `digittype` WRITE;
/*!40000 ALTER TABLE `digittype` DISABLE KEYS */;
INSERT INTO `digittype` VALUES (1,'1L4N'),(2,'1L6N'),(3,'4N1SN'),(4,'1L4N1SN'),(5,'4N1Z');
/*!40000 ALTER TABLE `digittype` ENABLE KEYS */;
UNLOCK TABLES;

--
-- Table structure for table `district`
--

DROP TABLE IF EXISTS `district`;
/*!40101 SET @saved_cs_client     = @@character_set_client */;
/*!40101 SET character_set_client = utf8 */;
CREATE TABLE `district` (
  `id` int(11) NOT NULL AUTO_INCREMENT,
  `name` varchar(45) DEFAULT NULL,
  PRIMARY KEY (`id`)
) ENGINE=InnoDB AUTO_INCREMENT=7 DEFAULT CHARSET=utf8;
/*!40101 SET character_set_client = @saved_cs_client */;

--
-- Dumping data for table `district`
--

LOCK TABLES `district` WRITE;
/*!40000 ALTER TABLE `district` DISABLE KEYS */;
INSERT INTO `district` VALUES (1,'Gampaha'),(2,'Galle'),(3,'Nuwara Eliya'),(4,'Ampara'),(5,'Kilinochchi'),(6,'Kaluthara');
/*!40000 ALTER TABLE `district` ENABLE KEYS */;
UNLOCK TABLES;

--
-- Table structure for table `employee`
--

DROP TABLE IF EXISTS `employee`;
/*!40101 SET @saved_cs_client     = @@character_set_client */;
/*!40101 SET character_set_client = utf8 */;
CREATE TABLE `employee` (
  `id` int(11) NOT NULL AUTO_INCREMENT,
  `number` char(4) DEFAULT NULL,
  `fullname` varchar(150) DEFAULT NULL,
  `callingname` varchar(45) DEFAULT NULL,
  `photo` mediumblob,
  `dobirth` date DEFAULT NULL,
  `nic` char(12) DEFAULT NULL,
  `address` text,
  `mobile` char(10) DEFAULT NULL,
  `land` char(10) DEFAULT NULL,
  `description` text,
  `doassignment` date DEFAULT NULL,
  `gender_id` int(11) NOT NULL,
  `designation_id` int(11) NOT NULL,
  `civilstatus_id` int(11) NOT NULL,
  `employeestatus_id` int(11) NOT NULL,
  PRIMARY KEY (`id`),
  KEY `fk_employee_gender_idx` (`gender_id`),
  KEY `fk_employee_designation1_idx` (`designation_id`),
  KEY `fk_employee_civilstatus1_idx` (`civilstatus_id`),
  KEY `fk_employee_employeestatus1_idx` (`employeestatus_id`),
  CONSTRAINT `fk_employee_civilstatus1` FOREIGN KEY (`civilstatus_id`) REFERENCES `civilstatus` (`id`) ON DELETE NO ACTION ON UPDATE NO ACTION,
  CONSTRAINT `fk_employee_designation1` FOREIGN KEY (`designation_id`) REFERENCES `designation` (`id`) ON DELETE NO ACTION ON UPDATE NO ACTION,
  CONSTRAINT `fk_employee_employeestatus1` FOREIGN KEY (`employeestatus_id`) REFERENCES `employeestatus` (`id`) ON DELETE NO ACTION ON UPDATE NO ACTION,
  CONSTRAINT `fk_employee_gender` FOREIGN KEY (`gender_id`) REFERENCES `gender` (`id`) ON DELETE NO ACTION ON UPDATE NO ACTION
) ENGINE=InnoDB AUTO_INCREMENT=4 DEFAULT CHARSET=utf8;
/*!40101 SET character_set_client = @saved_cs_client */;

--
-- Dumping data for table `employee`
--

LOCK TABLES `employee` WRITE;
/*!40000 ALTER TABLE `employee` DISABLE KEYS */;
INSERT INTO `employee` VALUES (1,NULL,'National Lotteries Board','Admin',NULL,NULL,'000000000V',NULL,NULL,NULL,NULL,NULL,1,1,1,1),(2,'0001','Kapila Senanayake','Kapila','data:image/jpeg;base64,/9j/4AAQSkZJRgABAgAAAQABAAD/7QCcUGhvdG9zaG9wIDMuMAA4QklNBAQAAAAAAIAcAmcAFEJtc0RlWEVsOFlab3NULWhhNGdJHAIoAGJGQk1EMDEwMDBhOWEwZDAwMDAyMDI4MDAwMGUyNDkwMDAwZjc0YjAwMDAyMjRmMDAwMDNkNmEwMDAwODc5MjAwMDA4ZTliMDAwMGFkYTAwMDAwOTVhNjAwMDAwOGU3MDAwMP/iC/hJQ0NfUFJPRklMRQABAQAAC+gAAAAAAgAAAG1udHJSR0IgWFlaIAfZAAMAGwAVACQAH2Fjc3AAAAAAAAAAAAAAAAAAAAAAAAAAAQAAAAAAAAAAAAD21gABAAAAANMtAAAAACn4Pd6v8lWueEL65MqDOQ0AAAAAAAAAAAAAAAAAAAAAAAAAAAAAAAAAAAAAAAAAEGRlc2MAAAFEAAAAeWJYWVoAAAHAAAAAFGJUUkMAAAHUAAAIDGRtZGQAAAngAAAAiGdYWVoAAApoAAAAFGdUUkMAAAHUAAAIDGx1bWkAAAp8AAAAFG1lYXMAAAqQAAAAJGJrcHQAAAq0AAAAFHJYWVoAAArIAAAAFHJUUkMAAAHUAAAIDHRlY2gAAArcAAAADHZ1ZWQAAAroAAAAh3d0cHQAAAtwAAAAFGNwcnQAAAuEAAAAN2NoYWQAAAu8AAAALGRlc2MAAAAAAAAAH3NSR0IgSUVDNjE5NjYtMi0xIGJsYWNrIHNjYWxlZAAAAAAAAAAAAAAAAAAAAAAAAAAAAAAAAAAAAAAAAAAAAAAAAAAAAAAAAAAAAAAAAAAAAAAAAAAAAAAAAAAAAAAAAAAAAAAAAAAAAAAAAAAAAABYWVogAAAAAAAAJKAAAA+EAAC2z2N1cnYAAAAAAAAEAAAAAAUACgAPABQAGQAeACMAKAAtADIANwA7AEAARQBKAE8AVABZAF4AYwBoAG0AcgB3AHwAgQCGAIsAkACVAJoAnwCkAKkArgCyALcAvADBAMYAywDQANUA2wDgAOUA6wDwAPYA+wEBAQcBDQETARkBHwElASsBMgE4AT4BRQFMAVIBWQFgAWcBbgF1AXwBgwGLAZIBmgGhAakBsQG5AcEByQHRAdkB4QHpAfIB+gIDAgwCFAIdAiYCLwI4AkECSwJUAl0CZwJxAnoChAKOApgCogKsArYCwQLLAtUC4ALrAvUDAAMLAxYDIQMtAzgDQwNPA1oDZgNyA34DigOWA6IDrgO6A8cD0wPgA+wD+QQGBBMEIAQtBDsESARVBGMEcQR+BIwEmgSoBLYExATTBOEE8AT+BQ0FHAUrBToFSQVYBWcFdwWGBZYFpgW1BcUF1QXlBfYGBgYWBicGNwZIBlkGagZ7BowGnQavBsAG0QbjBvUHBwcZBysHPQdPB2EHdAeGB5kHrAe/B9IH5Qf4CAsIHwgyCEYIWghuCIIIlgiqCL4I0gjnCPsJEAklCToJTwlkCXkJjwmkCboJzwnlCfsKEQonCj0KVApqCoEKmAquCsUK3ArzCwsLIgs5C1ELaQuAC5gLsAvIC+EL+QwSDCoMQwxcDHUMjgynDMAM2QzzDQ0NJg1ADVoNdA2ODakNww3eDfgOEw4uDkkOZA5/DpsOtg7SDu4PCQ8lD0EPXg96D5YPsw/PD+wQCRAmEEMQYRB+EJsQuRDXEPURExExEU8RbRGMEaoRyRHoEgcSJhJFEmQShBKjEsMS4xMDEyMTQxNjE4MTpBPFE+UUBhQnFEkUahSLFK0UzhTwFRIVNBVWFXgVmxW9FeAWAxYmFkkWbBaPFrIW1hb6Fx0XQRdlF4kXrhfSF/cYGxhAGGUYihivGNUY+hkgGUUZaxmRGbcZ3RoEGioaURp3Gp4axRrsGxQbOxtjG4obshvaHAIcKhxSHHscoxzMHPUdHh1HHXAdmR3DHeweFh5AHmoelB6+HukfEx8+H2kflB+/H+ogFSBBIGwgmCDEIPAhHCFIIXUhoSHOIfsiJyJVIoIiryLdIwojOCNmI5QjwiPwJB8kTSR8JKsk2iUJJTglaCWXJccl9yYnJlcmhya3JugnGCdJJ3onqyfcKA0oPyhxKKIo1CkGKTgpaymdKdAqAio1KmgqmyrPKwIrNitpK50r0SwFLDksbiyiLNctDC1BLXYtqy3hLhYuTC6CLrcu7i8kL1ovkS/HL/4wNTBsMKQw2zESMUoxgjG6MfIyKjJjMpsy1DMNM0YzfzO4M/E0KzRlNJ402DUTNU01hzXCNf02NzZyNq426TckN2A3nDfXOBQ4UDiMOMg5BTlCOX85vDn5OjY6dDqyOu87LTtrO6o76DwnPGU8pDzjPSI9YT2hPeA+ID5gPqA+4D8hP2E/oj/iQCNAZECmQOdBKUFqQaxB7kIwQnJCtUL3QzpDfUPARANER0SKRM5FEkVVRZpF3kYiRmdGq0bwRzVHe0fASAVIS0iRSNdJHUljSalJ8Eo3Sn1KxEsMS1NLmkviTCpMcky6TQJNSk2TTdxOJU5uTrdPAE9JT5NP3VAnUHFQu1EGUVBRm1HmUjFSfFLHUxNTX1OqU/ZUQlSPVNtVKFV1VcJWD1ZcVqlW91dEV5JX4FgvWH1Yy1kaWWlZuFoHWlZaplr1W0VblVvlXDVchlzWXSddeF3JXhpebF69Xw9fYV+zYAVgV2CqYPxhT2GiYfViSWKcYvBjQ2OXY+tkQGSUZOllPWWSZedmPWaSZuhnPWeTZ+loP2iWaOxpQ2maafFqSGqfavdrT2una/9sV2yvbQhtYG25bhJua27Ebx5veG/RcCtwhnDgcTpxlXHwcktypnMBc11zuHQUdHB0zHUodYV14XY+dpt2+HdWd7N4EXhueMx5KnmJeed6RnqlewR7Y3vCfCF8gXzhfUF9oX4BfmJ+wn8jf4R/5YBHgKiBCoFrgc2CMIKSgvSDV4O6hB2EgITjhUeFq4YOhnKG14c7h5+IBIhpiM6JM4mZif6KZIrKizCLlov8jGOMyo0xjZiN/45mjs6PNo+ekAaQbpDWkT+RqJIRknqS45NNk7aUIJSKlPSVX5XJljSWn5cKl3WX4JhMmLiZJJmQmfyaaJrVm0Kbr5wcnImc951kndKeQJ6unx2fi5/6oGmg2KFHobaiJqKWowajdqPmpFakx6U4pammGqaLpv2nbqfgqFKoxKk3qamqHKqPqwKrdavprFys0K1ErbiuLa6hrxavi7AAsHWw6rFgsdayS7LCszizrrQltJy1E7WKtgG2ebbwt2i34LhZuNG5SrnCuju6tbsuu6e8IbybvRW9j74KvoS+/796v/XAcMDswWfB48JfwtvDWMPUxFHEzsVLxcjGRsbDx0HHv8g9yLzJOsm5yjjKt8s2y7bMNcy1zTXNtc42zrbPN8+40DnQutE80b7SP9LB00TTxtRJ1MvVTtXR1lXW2Ndc1+DYZNjo2WzZ8dp22vvbgNwF3IrdEN2W3hzeot8p36/gNuC94UThzOJT4tvjY+Pr5HPk/OWE5g3mlucf56noMui86Ubp0Opb6uXrcOv77IbtEe2c7ijutO9A78zwWPDl8XLx//KM8xnzp/Q09ML1UPXe9m32+/eK+Bn4qPk4+cf6V/rn+3f8B/yY/Sn9uv5L/tz/bf//ZGVzYwAAAAAAAAAuSUVDIDYxOTY2LTItMSBEZWZhdWx0IFJHQiBDb2xvdXIgU3BhY2UgLSBzUkdCAAAAAAAAAAAAAAAAAAAAAAAAAAAAAAAAAAAAAAAAAAAAAAAAAAAAAAAAAAAAAAAAAAAAAAAAAAAAAAAAAAAAAAAAAAAAAAAAAAAAAAAAAFhZWiAAAAAAAABimQAAt4UAABjaWFlaIAAAAAAAAAAAAFAAAAAAAABtZWFzAAAAAAAAAAEAAAAAAAAAAAAAAAAAAAAAAAAAAAAAAAJYWVogAAAAAAAAAxYAAAMzAAACpFhZWiAAAAAAAABvogAAOPUAAAOQc2lnIAAAAABDUlQgZGVzYwAAAAAAAAAtUmVmZXJlbmNlIFZpZXdpbmcgQ29uZGl0aW9uIGluIElFQyA2MTk2Ni0yLTEAAAAAAAAAAAAAAAAAAAAAAAAAAAAAAAAAAAAAAAAAAAAAAAAAAAAAAAAAAAAAAAAAAAAAAAAAAAAAAAAAAAAAAAAAAAAAAAAAAAAAAAAAAFhZWiAAAAAAAAD21gABAAAAANMtdGV4dAAAAABDb3B5cmlnaHQgSW50ZXJuYXRpb25hbCBDb2xvciBDb25zb3J0aXVtLCAyMDA5AABzZjMyAAAAAAABDEQAAAXf///zJgAAB5QAAP2P///7of///aIAAAPbAADAdf/bAEMACQYHCAcGCQgICAoKCQsOFw8ODQ0OHBQVERciHiMjIR4gICUqNS0lJzIoICAuPy8yNzk8PDwkLUJGQTpGNTs8Of/bAEMBCgoKDgwOGw8PGzkmICY5OTk5OTk5OTk5OTk5OTk5OTk5OTk5OTk5OTk5OTk5OTk5OTk5OTk5OTk5OTk5OTk5Of/CABEIA8ADGwMAIgABEQECEQH/xAAbAAEAAQUBAAAAAAAAAAAAAAAAAQIDBAUGB//EABgBAQEBAQEAAAAAAAAAAAAAAAABAgME/8QAGAEBAQEBAQAAAAAAAAAAAAAAAAECAwT/2gAMAwAAARECEQAAAe4AAAAAAAAAAAAAAAAAAAAAAAAAAAAAAAAAAAAAAAAAAAAAAAAAAAAAAAAAAAAAAAAAAAAAAAAAAAAAAAAAAAAAAAAAAAAAAAAAAAAAAAAAAAAAAAAAAAAAAAAAAAAAAAAAAAAAAAAAAAAAAAAAAAAAAAAAAAAAAAAAAAAAABh8X1nlx7Li5WvjjvQfGfZtQwOczeycz0tS57elxr7RtUc8dEpqMTVazlI9eaXcVU5jFOxYWaAAAAAAAAAAAAAAAAAAAAAAAAAAAAAAAAAAAAAavyj1fyqXq7G8xU4z2Dx70+zzPt+N9fPKOojUrg9jga8o11OOepeV9fgHoMhwnMeh8RHZ6nufKVytvtd9c+Q+v+Kex1kiUAAAAAAAAAAAAAAAAAAAAAAAAAAAAAAAAAAADV+Xetcgd1r9hjR5D6zyXd2eLes6bmFyNlY7lMLyj2jhJrX5PSX7PL/SOe7yy4JdF576157Ha8PtunOU3vJ2q03sen3VgSgAAAAAAAAAAAAAAAAAAAAAAAAAAAAAAAAAAAAAAAAAAAAAAAAAAAAAAAAAAAAAAAAAAAAAAAAAAAAAAAAAAAFNQAAAAAAAAAAAAAAAAAAAAAAAAAAAAAAAAAAAAABHnHpHJRv86zVZc5u9rZrD7zzj0fWTAwJd8t1FTDsGzavZGNPCXD0HzvvecjbYuy4c0Xd6Xs9TNY+RKYWUV870XLS6rvvNew1ndMLNlMGk2DCyito7xtuW6njZbXb+fd7rNxg50pr8I3qgVsTGNo1uyAjyf1Dx/wBSrbNJuiTWmyaPdFRrDZtBui6jDM1qb8W9j4z6ZW8RrDaNJujgNJ6ncjhO+8b9Ns3AUAAAAAAAB457H45L6hwnc+U2bXC9Z5yNL1/IZdc7u9RtjB7/AMo9VPLdvrfYk8U9T4Ts14Kd/dN1wHrvkUd1wnovNVot3k9gnnHpfjXoa+fet+b+p2OW6nls68+3lfpdz4v7B5T6CvnObgepmu5D0fyA6TVes81GNTz/AEFa/H096zpN3vPP83R7fW7OsftfMPTjzHb4frlninr/AJl30u7EeL7LW+uV5P3evpTb8Vn4suVetajU9J470LkM3W4eVptT1jx/2Dx/N2+87SqvE+h0nrRquF9E8zjpOv5btrK9BufHpXrONuLAUAAAAAAAB457H5pL2/lnrXOWbjmea6At7F1ZwvfeaY6em2eQ7SXy32Dzb0nU8u7HQ9NLzcdB51Hr3k3baA63mur0lY3b8t1Nnm+i9I8uzr0HrcbJ1ly3U6DOuG9M4XS3Nn1Hj/RDxv1jgPQlr8b9r4yOq5blb9Zu26LVHP6XrtuYunwe8ON7nzKynpuJzPWS+b+tedei6nlHecx10u0EeL+vedekWcfb2NEunzem87PT7PmfRWXdV2PnMvoHnO4qrvvIfYfNz04k8Z9R5Tnj1VquGi71fKej2ZfEdh5XL68orsBQAAAAAAAAAAAAAAAAAAAOX5Pv6zZAAAAAAAAAAAAAAAAAAAAAAAAAAAAAAAAAAAAAAAAAAAAAAAAAAAAAAAAAAAAAAAAAAAAAAAAAAAAAAAAAAAAAAAAAAAAAAAAAAAAAAAAAAAAAAAAAAAAAAAAAAAAAAAAAAAAAoeIj254iPbniI9ueIj254iPbniI9ueIj254iPbniI9ueIj254iPbniMntrxKD254iPbniI9ueIj254iPbniI9ueIj254iPbniI9ueIj254jJ7c8SlPbHikntTxUe1PFh7S8WHtLxST2uPPOfj2N4nFe2x4nB7a8Tg9ujxIe2vEpPbHiQ9teJD214kPbXiQ9teJD214kX214kPbXiQ9teIye2vER7c8SHtrxKD254lB7c8Sg9veK30wwoAAAAAAAAkgCYICgAAAAAAACSZLFUEkEokgACJg6DXX7WWtI0mJLAAAAAISISiAAAAAAAAIkAXb1m9ZhiaAAAAAAAAJgTEoBAAUAAAAAABVTVZUSkSAACJgmJgmAz68fIk1gtRIRJUTATCAoAAAEJESQiYAAAAAALt+xeucMTYAAAAACYITAASCJETACgAAAAAJioV7CpnWq6aiYAAAAgmAv5OLlJrpiVhMABNyW0qpoERIgKAAABEhCUIkQkQQSAC7es3bnEE2AAAATBMCJgTAJAABEwAoAAAAADKxrqeyVeWZEYevyrlzgoqtgAAAESFzJxchMMKTA2OLuM3IztfgYu+0NWzOTbvS9JAsAiQiJplmaRUgSKAAEQgVMCUSl27avXOGJsAAkCEAJgSCJAABBZgAAAAAABIuUVWVKITJ2Wm2cmtV27ZAAAABXes3UxpiVjYTlZteFrry4+Tu9nm6fIzrOFjDzqNTmo3Go6ZhKoTBFNVMoKBUghAqRJCACgJiS7esX7jDSmomBJAJITBMSISAABJEVUgKAAAAAJImvITEryqycTsdLi6SLtvpIzcHJRj5FkFJVSha5prSEkiQqu2qyzMZK7PXbXO53Cz7dONXaaaYmmI1KqKbdmRg371cw2es3AqiJiUFAqJsoV0xCYUAAAC7fx8m5w0JRJBJEgiQAAJIkoBTVEQFAATN1KKMiLMdXRLXlWdpZi9Jg9Dw3RTtK+fTU4+yw05jUbvS+njRdtV6XaJpSKLsLalK1TEoSSEiaqd9LqtrsNRzta5kiNbkFyYsWXrdm3pXTRTZXdxYNzoNhezrn6qY0gKABNdFVkxNCIJoAAAC5k42Rc4iYlAAAJCJVEgiYgSRKaU1UxAUACq/j13NygSLddM1XmY2Zc7zeaTb+Xrm49OBNazXXa/Rxx8TY42prqqqbaokiFtZiEtU0TV0lmJXTZbfF1fLefGLm2WqsjCMimjAsyLerydMjGs2qzbuDfSqixQux2PO3pdro9/iRqhaAAroJcogAoAAAFzIx8i53vM9NzWdUwWESSQVdRzHYZur0Wz1upV0Gp6rN4hEamRsMDYxh7nXXpdJM5epgxMKqi6WaqbiKbtFUzQitTVV3IxMhnebDT5nLdzWV4mspwrW5s99ynUc9bDhvR+HmsHr8TdRpLdNuyzrdjsa5evZ6jcy87VbaMTbanYS5lOJOWJk5Op1NhiWblzhLmPpRVNlpBLXVaqRSKlUZUZeqRTmYagAAAAAKrmWa5MAFzIx8i5t2kRFVJoEQLM0yZFFFNzXTES1RBZu2RVSEzSAJmkATAAJgV3LVVzspxqEqotQVTauLfvWITd6rY6fN21vUQtVFMaVZOJMX6KqS2gqYF2qzXc7Db8tlZuTGfrDL1ybMelCgquioplUVbqq7ljXL2TlY1u9S85hdLhbzpI2Wu1YAAABOTiyQAC5kY+Rc4YmgAAAAAAAAAAAAAAAJromzMoous41F6y1Eq4pi5TVNdNwuK4ZsRVC24uUSwFAAmuipKJgt3Z6epMzDzrRZoiFAJz4wNht8vLX5l2MVXYoS7ViKvaXbZFcxjdZq9NKmNAAAAAALmRj5FzhpSwkQksAAAAEkpqstxcpilMKATKUr1dY05dcmFOxvGqq3N6XQzv6DVZeZdk1+Pt7Zp7mfGpgU50Gro2uPWJVbyzGV2yYkUxcvGJGbSYTIhbNV2ksrsLbXIIrogmiq9Lj17DbxrdjcnDFTrtZ2dGlu1l2sGizOq192thka/Iy2V/AvY1Y0HW49vLrtvaAAAAAXL9jIucSYSyKRUKVSKFQpTCgSSiuhZeWpK1JK6rUl6vHkzLuvqTZXdVXLt7mnrl3E6qvNz8S3SULmTZi5Oyv41zcdHJzl3fDnMbq8GzlcyvoNucp6iMuXdTBy9zphzU9FSnNU9PTbzFG8x9Z1Eb+ma0V3fZEczl77JzdM2+GYFFGr22tuxkInXUGbiUxUkCYFd7Gkz8nUXk3eRpcvLK53pLa87VEaQQVTTNV0xBUpRcvWL9ziJTZVVZTXWZpmqCEyUK5LUXxYZFRjTkjGqyKzFqyqjFry64w7mXXGJXlVy4129Xm2btyvNpuq86VxObGPlRWujPxdZuXdVTqbhh0ZuZYxadSxs9K3noGqnGtpTrhsWutmfh49G85VyxelpzLWZnUxRTlXFm3ZkRh29M23gWNZ2eJr7eluK7a5lGNdLTLxy2FAAm9ZlMqrCrs2mXpMyTL0O+w5rWJi0AAC5fx79zbWkXotC7FtV1bF1akuTaF2bUpcUSVqZK6rdRcqtyX68eTKrxJjNua+ZdnXqpy21emLu50NMb+nn6K6OOdg32Pp6LNpi4VGpssXGi2/XjSXKbcLlTjEyWMMmmzcWcvdVYWcnHt5ZVnGw62FjXWdTY2MKmsi3bVVSkpSlgAEoCJEJEJhZgFVIvZWFkXGfkYORGmo2esaBQALl+xfucQTQAAEoEoEzSSpTJUpFSkTNKqlMkqZSSSFdZZZFRjTkymMzKjAnOmMBsqzVtpUamNvUuoblGkb2o0Ve7g0tW3k1uyov50xrmkucvHx52ppv2paZgTNKqlIqUoqUCtQK1AqgpEohJYAABVds1WZN/DvM52o2NiXCSWmZFMzBXfsXrMZfkx2SMdkyYrLkw5zJMJmyYM5spgs6YwJz611rcXY0VXR3ZebudHVHP3N6l09e0g11eaMKcxGJOVSWV4Wqq5iioKlMrCmUrWqS/FiavUW4K7uGrba/K0EY1g7YoIWqaBXEQVKSzNKKopFSkTNIlSKpoFSJISKVULCRBJE10pXXZuWZF/Dykxr+ysRgWL9FY8ZFtYvW6zaVbCrnddVsJjAnPmXAnPqjXzsa5dXVtri6erbzLq7uwiMOcqmLK/C2V+YsLsFqm9FlmLosrsVaislEzTUklFNyS0qoJppWUVXJKIu0lpXFlqm/TWovxb3nN01/AquJtahTE1VSKAAAAAAAAmBKBKBKCSQVXLRbyyS9dx6rnd3Ndm5tWNsZy0dnobOmjnMw9TrasmvydsWrKmXHqvi3VVCyiCuKYiuKIS4tUVeWZLkUQXFqkv02IsvW4FBRZXTKqJmopmaRNIkkoi6KJqgQgUVQltdiqFQ1+k6ex0zoset0RbqpgFAAAAAAAAAAAATAAAJgqrtSmbttDvJKLuPaNjOPk5uJqt1pdTvWLHm7ZVOPVF5ZF6LNNmRGPBkxji9TbirsWZLtNJJigXFFFXlqsmm9MWJvwWarkFEV0BTVVVVtFxblaoplESKJqqLa5Bbi7RVJUW7GXrdTn7lVrviiiYlBQAAAAAAAACYAAAAAAAJ6Dn91JlULcli9kUJjYGZh7dgivy9aKblJFVAuURAiKqiqKhVTVFEopFNsv0U1JdqsxLkTjjIY8rfiiSLd2SiLkJRTeFma1UV0wVzbmK1IuVWJW7RQSaSq6qZiedytH1ytVUdZAlAATFZS6HSxjigAAAAEwBJACctMNu8c1i/ZWAATs9XtZM9fpyot36EwcHZ63c7CLFXn61qKiZiuCUpUIQKYuSWq65La6LcXaSmIpK6aa7KapSypkiUkTapq9RbqSmtNWl6YsTesUpv1GNN+CzduXIx5vJbWvzuN6ZiFHfKEywABMST1FG35WzjZ1fPXBUdNzXoxAoAAAAACpTKMiwM2cHISu5RhrlYteSYLPGDuMfYRsJmOOopuU1j6Dd6Tpjr6qXDpM2qKyKsWuL82ZJorCaplTTJM0WjJpxKbMyixWVXrMreWUXlkXmPTWVFmkv26bkW6qwqpgrUQXMaubKLlErVUmJqtwVURzm5i4kO+ZiJEAAJG/je87TNq7yoLTynW2N54yL9jtAAAAAAAJmklcQK8rBGXizcLU0lubnR7KTeYuHlZXUQlnUbvSadlbPP0kiiJLcXaixNzHsyJx65b1NFZbrolFxUtskhXAVURUi4WpulhXMU1UyqqkSQlcWrZkWFSJoguIpWqbdrUwubro75hXGpSqolAEjbXdrhWs5HK2rtVa28HZ2k1mTm2dMblurxNznVVOwAAAAAAABIZlFaYcZFhW503USYWyx7uEY2xql1+l3Gm6Z6uqJ4dImKi1VNFVVWpSqiu7LYuX0WIyC485EFqZpStRWRGNcrIm3ObXNArpt10TMIui1F6gos3q6wbuTKWKr0S0JkoqqpqxyVzD74QaTVQABI3tre4tyvGucbdorqXGwttNmJibOmse3k46VZMWpdZz3caPpNEOkAAAAAASITBM0i/cxZHSaneZsUX2GNh2tVuXLlm9qdRNurjua7FZkUGbRdhZfqxGbmRj0GXVhwZkY9S3LFcJZi8qzfSVRCIqiQgskxNEVVUokuTbriuKKC+xKLMq7qtZpuufw464t0TGgKAlmmH0mZmctVqXK0VzBbi9JjVXhiW86LLcXJWzbzBRj5F04vC73je2cMbgAAACYEhAACJXZ2dvzcZuTqbxZjIsVN+1fuehrTw1TK2X6bV9bVyaopovyY9GTYqub1zNtzNUW4vFtVXEUTXBQqkoXBbVW7FVvIIiqmWldgors6rU3OLz2P0zvMHBubl2zjbGtbVFBNMwoAkudppOm46oV08tUU3oq3F65GEzVmJOTbWxFytKKLWRVKmqJW75GNkycLa6nlvRiExoAAAAAAASJpkNhi7pNXi7W+ayd/j5bSlPHaEkqBXEWyqxNdlMXqiiaqZbdVVRVYuyU3ERXNEk126S4xcpYxM2gxsi+KVc5tuqtWFrt3rd4nW0YnXNui/j6ldFNNtyyiAUBN64dDttTu/PuxdijNuLOMmbZsZFVLevNy4ZudnTx+edJPNao7y1wlNd9PASnoDgC97zWpp1mmJjYAAAAAABMSb/ZczGXUarVymfm6Oa6meUnGunmzGVZXFM5sS4d29cls3KpiJJZpqAgqiQBFNWFZTFVzUrmxZjNox85YRMtOmzrHTGus5eD0zazsHaWbHn+g02bjYudi9JYpqiWAoAFWVi9nlzdXVRjXKW+iwNTUWNhrtSJiaN1ey1OT09GLyLrbVaCd/imJj38DSrAqp1IAAAAAAAAAATdKIz9eTXbJVESQqpPR3Us3lrXXDlb/Ro5+rfF5+nohz8dCOcub8aGN+NDidSOVq6hXOz0KObudATnrfSjQN+Xn3QDmtZ3CzkMnplclg92PPo9CWedx6KXzp6KPOnoo86eijzp6KPOt/0yNFjdMzfPKfRW5509FHnT0UeebLsUc5b6dHHZnSq5HXd+POnoqvOnoo86eijzp6KPOnoo86eijzp6KPOnoo86eijzp6KPOsnvBxNzskcff6kcng90OHu9mONr68cdc60BQAAAAAAAAAAAAAAAAAAAAAAAAAAAAAAAAAAAAAAAAAAAAAAAAAAAAAAAAAAAAAAAAAAAAAAAAAAAAAAAAAAAAAAAAAAAAAAAAAAAAAAAAAAAA0Mb55L61Yc75zL7Qs2jLeO+wWVBQDgOvNgADW0c9jnfAAAAAAAAAAxeV18R22fr9hYCtNufNJe9taXAs6nZ8J3aAoAAAAAAAAAAAAAAAAAAAAACxfR4l7H5l2dmk5Da7Wa6OjTRZrvRuY6NOHwu5iXAzfNfXrPHt3q+5Xfc/uPLY2fT77Cs0ej3nOy5O92Hmte2LdxHKbvyqXZ9PvsKy9xHa3JeB7TWc9Z6Hy3QeUS9F3msu1rOcxPTzmug8z9GPN82d6bvSbngbPXOM7PyrOvQuH6zk032Bn4FTctwdRm8LvDS9/5j6dYEoAAAAAAAAAAAAAAAAAAAAHD4XVeWy5/ofKeh2eUzrsg9Ptbbj45fNt76uI9p8X9os8h9F8/wBxL0XCeh+WHtTi7aVY+Rjr3fi3tPi0vs16zeudBwvpvkMvtTiqbNhx+wyJdVOx19neeb+kebr69zHT6zN8t3mj9B1nme50fUHm/Sc30i53n3pfkp7X5XveMl9L5Pq+Us32Bn4BPVcr3aeNbvD1S+h9RYv2BKAAAAAAAAAAAAAAAAAAAABTy3VjW7IOdu70LV0cXm9OOa6UNPz3cosavdq4XoN0TV29wWOX6kU1A0m7RwnQ7pWFyncI590CsfR9IANHoO7RyPWVLNFnZ5XLdSjj9pvFYev3g19nbDU7YOK01vqTqQAAAAAAAAAAAAAAAAAAAAAAAAAAAAAAAAAAAAAAAAAAAAAAAARIAAAAAAAAAAAAAAAAAAAAAAAGFZNmebx6Q5nprAUAAAAAAAAAA4fMOscdgnfgAAAAALHj57OpqABYL7TbkAAAAAAAAAAAAAAAAAAAAAARNMcHrrOLXqXn/T8xG+yuDzLPTcjzH0QjScH1S9VkeRekmRsvF/Y0sT590S9UYUWdbwHW119vVaQ7HTcHsD0XE8w252W88W9PSi/yWcrBzsE9D1ljzuO53vF6Cz1tEq1N7iI6Dd8dzNnsaJXH8a9l8aX2qirypO2v83pz1fmMLDjQeneU9rqdmJQAAAAAAAAAAAAAAAAAAAAAOO1W20h6X5l6T5tHSbLXbOvNe64Xv4863+q9U1PIPStjkx5X11HCzVPsHnHp2ssfIs5vke577ijsuRxcqp67kuuPIvaPF/abPMuk5vo83TZ2DnUwc7BL/P8ATa+HMez2au3xLfH5XMy5HNeu+RV7XVTUmP417L401615X6z5EntXN77lY5vuuP7CvPvXPH/W7LolAAAAAAAAAAAAAAAAAAAAAA1XmXsSOJs94rQZ+wHmvo9ZPONT66l8q9PvLLPjfr3kE16F1Ni/rLBzmb5Pb9cVz+D1w5Po8keW+pBwe86AcXl9SOWxO0GJ5v6mjyXY+krAXW+a+uI8wj1BVNQWfMPVRTxPcI8iverq1uXfHkey9KAAAAAAAAAAAAAAAAAAAAAAAAAAAAAGDq+iAAAAAAAAAAAAAAAAAAAAAAAAAAAAAAAAAAAAAAAAAAAAAAAAAAAAAAAAAAAAAAAAAAAAAAAAAAAAAAAAAAAAAAAAAAAAAAAAAAAAAAAAAAAAAAAAAAAAAAAAAAAAAAAAAAAAAAAAAAAAAAAAAAAAAAAAAAAAAAAAAAAAAAAAAAAAAAAAAAAAAAAH/8QANBAAAAUDAgMIAwACAgMBAQAAAAECAwQFERIQEwYgIRQVIjAxMjRAMzVQI2AkJUGAkEJD/9oACAEAAAEFAv8A49S3TYjR61IW+JLhtR2K1JW95sl9MZmLVmJL3+oVP4EP5QqHwovyRKlsxUqr7eUatR3TI7hysRULbWlxEyY1ETDnsS1BVZiJUk8kisz2VM055EeXFqceU6ZkRSK3HbNNfaNUaU1KR/pdT+A0vbc7/cD9bW8zF+S6sm2n3XJchihsE3U4PYneH5JuNVlnan0J3chcQu5SaO7tT5ruzFht78suhCr05KEwWCkyYNJREf4glnek00pYnUVtLMCQqNJLqX+lVP4DCCce7iiiVR47UeL8mrGZQKd1nDiP8HDvy+I2btcOvYvu/wDLqctvssytycoHDrOT+lb/AF9G/YCsGZ1Ch/AV7V/kjfH/ANKqfwIfyhUPhRfkzG96K0s2H2JjDzdcmIkOcOsGRVBnfhsOqYcoTe5O4iZxfdfU63RGdqFpWivT6c8liW1OjPO19k0TKDNbS3PnssR4zSpEhJWL/SpTW/HYobrbwkN7zDNDdQ6KhSEyF9zTBFoSzNtCW0B6hOKdpcA4SalD7awmgO3QkkI0cQTiJFEkJXSaY9HkS4zcpp6hyEm3RJalU+nNwi/9c7l/p8mryt+E8ciLpXXnGYtCkvOyvJfksxwxIZkaTatJTJp0hUmJV5hxGEdqluURMhDfLXHXGYlDkvuy/Krz7jLNBkPPPea/Nk78czUx5yqhEQpJkouSo1OV2lUmcgoFaWS/X6kiJSzeZShLS1pbSdXhEqvOIdg8PfMEiYxGCavCUpC0uJUokpalMPKkz40Y49QjSTM7FX3mnl0B9lkNPNvFLi0w32CZZj159p5dAfZZI5cckNPtPaOS47akqJaRxF8Lh/5rtUhtKjS2ZJA5kYlyZjEURpTUpClEkl1aEhTFRivmOJPw8N/nWtLaUTIzihImx4wTV4SlJUlaVrShLUlh45FQix1Rp0eSesj5BSmY0Ruqw3FaSJ8aOEVaEtRGRkH58ZgFWIRm24h1JnYIlx3FSKjFjr7ZH2ZBkb8WbFTGEioRY5t1aG4ojuSWGkrWhLiZbZMyaSs10/6c35dN+BWpan5MSmSJSJDT0Y+HvmVSX2SNFjuz5EmiLaapEtUaTUvgR31x1s0mU+gyWy7HWcymzYTkM4UByYKTDXDaqfz4LZu0abCchnCgOzROp6mKZQ39qYo8UvKORJiNbMccRfCaU4R9zSiaZdXHeYcJ5mUdpjMaTU3aPEchoqs5Up+JRXH2p8FyEugzVOp4k/Dw5+esz+0uUWnGR1aZ2SPDiuzn5dFWy1RZimJFX/XR33GDbpEp1vxsuw3d+NpI+RGhSp4lRnIrlAkKdj1qacZmBBcnOTqOuM1QZikPVXd7FGor7omUZcdmjSFMzZXxmnVMuRqbJmJcpb7kBxJoW3RZDiKq8qLAgQ1TnnqC4lNPbU1DPoT1XioS4pch+Cz2eL9Ob8un/rl+J6MkkR+IyLsvDvzOJDPKBPXCB114yb6vT/10AiOYK2VqhQ/1/En5OG9Kp8+j/ruJPycNej7ZOtKJTD9Ql/8AVUVnenacRfCoBEc0VJJInUU706X8qnIS3DlKwjMlk8krJ4gSRwaIdqhxJ+GO4621TNk5g4jM9+BUFwiVXXlJj37RVf1tLIlTxVitPo36/SR8iIRJi8SEOG/dxAZnOg1JcNt6tOutU6/bXHENIfrySD1aedagfNlfGaLJ5CSSkSvkQ/i1SKcuKlT0N6LXTDa0uIf/AAso3H4dOjxfqzfl07rT5CduRTpTb8WuzW3S4e+ZxG2dqA40Tmy0D7MhdS+DT/nCufsKF+v4k9/DjiUqStKhU/n0f9dxJ+Thr0FfY25K5C1R+HmMY+nEXwqVJTFlHJZJmU7vyKW3tQZfyoXxH05sldt2M6l9niJ9O1w+0a5fEn4aAhLjk+KqHIo03tLPEbZ5cPuNX2Wh/wAdLlX/AF1K/YCsfsKN+v0kfIi/G4k9OG/dxE2ZSqAtlTey0EnHJ3iRaiaoLDLztS7OzEgfNlfHj/ILSX8mE+12J+S1HS4yxJRVorcWRw8pRxFWxZKklJ+rLpktUmE2pqLV6Yp9XY5N26K72aiwpEeTJYRJZk0mSwf/AGAp1NlFKmtqdiwqbLRLFWgSX5lKZXHh1aEcxhUOSlVCjusMVCmynJlOaWzDrcN+SqhxHoyRWWN+EkjUqM1ssaVmO7IisUZ5bLkGS2qnUlxxYk0yWqRGSaI4qlJN1ZMzmTYpsuSqFERDZrcV2S1RIb8Z2qQ+2R4kGfHkS46JTEilymD/AOwFLpslEqoNKeh06nSmpgqdOlPTKa0tiHo/S5hvMJNDNcivSSocR+Mc6IiYw/TZcdWNQUKPTpDEmpQ+2R1Q5kdyNTZUxUamSm5j6TWyzS5hPaVamO7yIUlaqlCXJh7E+ObNOlyVw46YrEpBuR0QpJvJKyf5dfkbcWjM7s7/AGKXAZlqiQmYn/unkkZJGSRkkZJGSRkkZJGSRkkZJGSRkkZJGSRkkZJGSRkkZJGSRkkZJGSRkkZJGSRkkZJGSRkkZJGSRkkZJGSRkkZJGSRkkZJGSRkkZJGSRkkZJGSRkkZJGSRkkZJGSRkkZJGSRkkXIZEMkjJIySMkjJIySMkjJIySMkjJIySMkjJIySMkjJIySMkjJIySMkjJIySMkjJIySMkjJIySMkjJIySMkjJIySMkjJIySMi/tF0NAklZ7+Mj1/tsq8E38v8Zv1/txz8Ez+O36/2459JXs/jN+v9tgP/AI/4zfr/AG2vV32fxm/X+WzDfdJ2K8yR+c36r9nPtrBpMvvI9f5TGO61jgsiNMxCUv8Amo9Ve3lYim4TbaUggpKVlJiYfdR6/wAogzJdaC6g+tPvM2/D5ifU/TkZSSnEE86pb7aAqWQalqNSXLiTGv8AcR6/y7i4bPxepH6+Wn1P01ahuuEiMTCHpali9w0w46EwyIksk2SVCUxcvtI9f5peqTDvv8tPqfppDaJa5MowpRqDLK3VMwkIF7C4URCwI1JEmP8AaR6/yCTcFEcMlpUg9UGHvXy0+p+gIrmtRNx2mHHzbjMtgjKwuL6XBmCVY5bBGX2Ee7+LYJayBsmQjpupKbJnFc1Jx1QfRzmLmSD9AyeJx2TNvIjBkL6XF9MhcXCVCUxj9hHr9+3IkhtmGmrqZZKyWEmSoaSGyQWwkxMRinRIV6eWQP0ajOrJLDLJOSUqNslgjIxchfU1A1jIZhCgkyMpDW0v6yPd94tT0b9SPpHT1bIICjClEQW6m0pWepA/MIRoxElRh1w8m22gdgpwzWQsQ9Aar6dNS9UGYdRut/WR6/dIED0PRIRcxHII0dV0kSDI9xah6hSNC8guWCykwtWI3icGBDIyBrHQy9oW4Ri4uQU5dVx6BR2FwhYQsjEtjL6yPX7xHqehBsMhJjMPukSTTkeI6BdgfXkPyW21OK2yQy8p00N3QSeuhuJy3EEJDlxkEH4VruCBC9woxcXDazQGXchLaIvqo9RIpzbcfyIdORapxkNGEJNanKWaWdGkkpT7CSYiM7zj0Vo2BifJbSwtylogNGCUHHbBxeQysN0EeQixGjKRTmXWzSaTQk1qbgxkpcioYcOM3aTGTtIYcUS0mkICk3SiO3aQ1snGZWmMh0lhSDDqDSG3UqDg3EqHofoFD/8AOhHYXB8jNwteazKx/TR6idOSpvnI7GiawhEuSqSsQ3CakyZjTLejKkkan7gllGkyJhKaT0PO6NepJBAzuFcyDDZjPo4sZBeiVWOLOZCnytOUlUiG2lCXHG0tu1BDjnbULEiUhSCFSsEqsFOdGn21FLfS4IU1CUTZDLimZNzWjI1JJIS5YKQSwtCkEXXyiLI5BEy2XrITY/NbK631deRHrofkF5BLsDO+t+Qzv5RGEKC3AaxfQiFg2WQJvo4VjjzSbRLmb6TPVuQ62VzUaitykYuI72ANKXidaPJpYNPRabC/kIQpam0FHHZfEUVm7scnUHAcC4bqQpJp8xTuSeRHuF/Kv9pAWfXUjGVibXionUkHHM18xKILVkfO26pBk6l5D7akGlw0hXXmI7aEVzQ3tIZUWPaWglwjFiBhx3Au2JUTrKTT56PX+KgL8giFgZAyFvKPVJ2Nt3MPNGgXFyMHzQ7EtxpTytrIE2lOlhkDSSifirSGXTbM/Xzke7+Kkx6hWthbUtFA/LPkIw28YdbtzR45uhDLBBKWxYyFxmMxuDMZAlBTbajkRfPR6/RsLeZYWGJjAxtqG0obZhLQS2NsgtkE2MBgDQDSLHrbSwsLDEWFuQ+YlGQV66JSajahjdQkdtSN5tYS91UsG4NwZglGCIwk1AlAjEmMTgMrH5iPX6N9bc1gSRiMASDBNmCaBNAmhtDbIJIiHQZEDMhchchchkQOwWLi/hMxcXFxcFYWBlyH5BNOGGYqlBDSyL2i5GFqsFk0YuDcBqFxcEoEsJdBLIEoEYfYS8S0mhXlo930i1sLCwsLCxCxArAgWtxcGsgt5I7QQ3FmC3DBtnY0ODbcG04CZUZGysOIUQL1JtRjZUNkxtKG0obShgYxUMDGBjBQxMGLHp1G2oYhuMtYJplojmmQOU24LGYW5JbHbHR2xY7ZcLeJQvy3BKBLBOBKwSrh5onkqSaTFvJT7vJt5VxcXFxcXFxcZGMjGShdQuseMESxgsbCjHZAUUJZwNFhZIwGBDEhYhiQeSViRZxtBY4ENshtkNshtkNshtkMSGJA0pC0JGwRgo5A2CCIw20maGG0mDsHWWXA7DNOjb60A0NvBRGk/JuEmEqCVAjD7JOkdyO/JcX5Ee7ntyWFhYWFhiMRiMRiMBgNsbQ2gTI2RtAmgTZAkECQCSCSLCwMiCiHiBLMgTgyvqox6hwrONLGQyGQzGY3Ap0bw3wlxawZEQSnpYiF0j1FxcZA1jMZkHWkOAyMjBOkoKa8pJDJJDeCXQlwSGidT5KPXWwsLfSLQhcXF/LsFkQO5BLvXc6bgU8QJwsXF3NDtlbg3BuDMZDIGsZBktxa0vOhmOhoXMXGQNQzBuEDcSDdBuA13GZhSstUKNJ5IWFJtzkL6kEglCU35KfXW4uL6X0uLi4uLi4uLi4v5txcZDMZjcG4N0G6DdBuA1DdsRuDMZg1C4zG4MxuDdGYyMw0y44okkgZA1A1kDUDdsDdBujMGoX+oQSEj3JUWKudHu+pcZDIZjMbg3RujeG8N8b43xvjfMbxjdMbpjdMbhjMGoX8xtBuLbYSyFquL2BqBqSQU+DcGZi/2CBAjCTEpN/IT6+fcXFxcXFxcXFxcXFxcXFxfnsLCwsLDEYjEYjEYjEEkYDAYBLBqEc0MpJZrDjhJHaAa3Fg7/cIECMEYLxJUVj5k+v27CwxGAwGAwGA2xtDaG0NobQ2htDaG0NobI2RskNobY2xgQjt7olINxTi0pJSsj0uLfdIEYSYkF15k+vk2FhYWFhYWFhYWFhYWGJjaMEwodmMFHHZxskNohtDbG2MBgMRiMRiMRYWFhYW1uLi4uLjbJSWw44HFX8joLEOgsQt9YgQIxbNBNnfAgaAotU+oxGIxGAwGAwGA2xtjbG2NsbY2xtjaMEwYKMCjAo5DZIbZDEWFhYWFvOM7aX5lKsls7JU4SWVqxY5ri4vrcXFxcX+jiYsehaNnYWuFN3CyNJ+osLBPqNsbY2xtjbG2NsbY2xgMBtjaGyCYGyQ2iG2QxFtLCwsLaWFhiMRYWFhYWFgZclxcH1FhYWFtD0dMzed8bKk5MOqyXrcX+5cbhi5GLaEYQq6AaLhbXU21AyBaYjEYjEYiwxGA2xtgmxgMRbmsLc1xcXGQuL+VYW5rCwk+Be6gm0rWTRaX/itH0I+pmWhkQU2kw6gk6WFhYYjAYjEWFtb8t9L8t9DFhYW+tKbNxJ+prPAX6fwyMeoY95lYGrxZavI8AxFhYW8m4uL8lxcXGQuOouLi4uYvqXNYWFhbksLcltH2kLbBep/xkH162Uk7NXBGEKDx3a0uLjIXFxcZDIZDIXFxcXGQuL8tyFxcX8mwt51xYPnZkegP+O0d2vUKCbkeWKXVdAfLcX8mwsLCwtoZAkgkjEWFtbkLg+S4uL62FhYWFhYW5ZyvD/Ji9Wz0IiMltpNJ+wW16jr5lxkLix8lxcXFwYvphpbTr5hnyzXUuOq/kxbmWAwBl09A4noLDoOmh6XLSwtpkCMX0uDPW4uYuYuOouC0t5J8lxcXF9badBcTZNi8oiNRtREpJ5s2l/TQ2DjtqI4iwtpaOeEetgZB3o2Og6C5DppiMSFhYWFhbksMRiLcnQKFgRC2lhbSwsFGE81uewxEx7ZSDPySEWNtJxEhjebUVj+khw0gnTILcOyZC0jJlwKYUPTkhIuMBgMBiH0ETI6mMRgMRY+ewsLC3Lcgah1Fj1uMhkMhkDIzHUFfWwwMYDEGpKTT4ixFtEkLavPEy2talq9PKhRdstajHyL6jaiIKZuQStSRvEoYNKHZzBRjEQyzuLi4uJH4hcXF+S4uDMdR15b6ZECWkwowRAhfXoOg6CxCxDppiLaXFxcXC2iWaE4A1GL3BWGRC5DIKcJKZL6n3PKhsEkZX5DPpJZNpX1CMyG8SgbZHrcZGKcHDIi3Llcx1D18BYWBp0IjFgREQuQuQuXMa+pqMWHoLi4uL6XFxkMhcxlrYW1toRi5C56FrYdBOf3FeVDiAzGSb3Fx10dRuJdbNtX1SMK5Iy8C6PKJGJGCPq8R7WnivbksY6g8rESgWQ66WVfJN7pF+S5C5ctrgk2BlcERCxeQYtr10vpOkYJ8qGz4s7nlcJsLgzMOuOjJRJbcMyktpfbMrH9Uyu3qw0lUZplRKMsStiF2WHUrSxpfS5C4yIXBA1EQug1Z3V1BGY8QwIE2QwIWBmRC1x0IWFiBKCTM9LeUZ2GRC5C4y0vp1Eh/YaUozPUz5osS5G2oxgohYwSRgLAyTfFJA7BteSpjBu/VS2SiNKmgtFi0jERMKV1K6Re5CS6ky06C5CwI7g/TQ+owK6UY6dQeY/yDxj0HrpYWBLK9uS4/wDOvUdQVx1CwhRGMUXJJDEWIWGIsHXCaQ86p1ep80OL16DIiGRA3QtyyCkKG4ow4z1U5iRJzDaUEOpCbFyL6lw2vA1oTZJXUSVIQhOIWXTqlL8mxF1MdB0HQ9DMiBqHVJEdwSbjEhYW1sZDqOoO4LqLkRb6FLKyTNYK56WGIJshgkEhIxFiFiFi1sMS5L6ZdH3jeX5MWIax1t4jKxjEWIYpHgBpIYGOmR5Go0+FJOW/yXnRcfrwk5P+qiMGHniRoWvQeow64EFOtIHaGhuoFyPT0FxkQuLi5DIgtJOBLSEBbaVAmyIyMZAzvzdR1Cl4i46i9tempZX9RIeQyTr63VH5MSESRlcZBThkZKuRqMeJQ2kjbQQU0QSyWSlEQzSkG8Quhw8iC3rB9laPrQ0mYkqSaoyiJ2TKy1LToYsQJabklSV3GKR00sLjIXHQZdS0Ired6hCMAoiUWRi5i4xGNiwuMFEpyUSA9IdUd+p+QzGddDEZtgvKMYDBOh3F1aLSS0yWFML+pHShEPRDS1hTLiNE6K6i5ixGEIx0sDbIwScSCbi3SyiFgi4LzrjoOliMWMWHi0NSSC5LaQqoB2Q48lCDUPcD6GQPmQg1qZSaGh1FlAiWMVDx3XukRJXihKgaSuaG0gkYA+oMlGPEQ8QsYxuLB9jfQtJoV9ZpxTaVvLXolle2LGLGDyG0CZUR7ZjbMYjEYgy6JJJmltJDEiFlAj6+osLDoLDpyWB2Fg2pdh/4PpqvALgrC2XGhl0LoHFeG/XwLNfu56VYnBcZkYuPEYsrkPT1VYhvpU5iEkogRGQJsuSexul9Vu5Kbl2G94m09pUts3B2QtEn1HXkv1zIXdxzulLrtiW4FLcBqdBKWR36bjoIzBKUMlDJQIuoyBqO2N0qbNANhV0oNI8Q8QsOodZNYUpxoJlGSXFsGSrZkPAD9VHl5FLP/BiMeup5Cy7+IJS4R2MxiYWlRDqDPEeEx0IKeYSe40PAYskhkkX6y2kL+nEbYWgmkEFknFTPh7OsRmzbHUdR1FxcdNOmilEC28sdLGLC1hbUr6W5OgTmo0ksiCTvzWMKWhIdnoIGnJLpJSDJGxew6eQ2nNbrJoVSS/xA7kZvMkN9mxzo5H25gwT7IXIYQTs1jE315qkPKDMhxpfeTo7xcMtxQyPkyMXMZqF/poUZJ3nRvODfdG+4O0OjtDo7Q7qeiTuLAmrgmuu2m5FyW57EFWt4FAmkkfQdR1BmWRAjC1khC56jHbJBg3X3BYR2cnpCCcQ42pKVl1PySGKjDfaWwfalDs8lQOM8Q2HbGVuVuO64DgupQbDpBLDij7G6OwyL92PBUCQkOxHWy+uR2F9LctyFzBBHv0ufnGsiC7uGTTZAjMJNwOLSlLDiXCtq69g4cZl0KjPthK1NKSuwYdLNx9twOEalHiRLMjF/JYceNrJ8x/yDDstbAVVHQ9NedLVqETjTcFbZpOxqd6m8WPaY1znxkEqqEFVN0w5KecGRn9dDalm9FWyjlMjLTu10HTnrd3PA6U6ZlTHkkmA8Q7E8Oxujsbw7FIHYngcJ8dhfHY3R2N0dicv2N0HTpJju6SRIgyyBwnjLsLhDu5V+wuDsDl+7ljsTg7E4OwuDsLgcpqnQdGfSaKfNSOwvmHKOSwqguDuOUO45Q7ilDuGSO4ZI7hkjuGSO4ZI7hkjuGSO4ZI7hkjuGSI9PdbZ7G4Hqc64k6FJHcMkdwyR3DJHcMkdwyQVClEEQJ6QUJ4OUw1k3RcAdMK7lGSoLoLo7hkjuGSO4ZI7hkjuGSO4ZI7hkjuGSO4ZI7hkjuGSO4ZI7hkjuGSO4ZI7hkjuGSO4ZI7hkjuGSO4ZIbo0lAOju3KkLBUpwh2CTZVNkKT3EsJoi0juhY7pcHdjw7qeBUpy3/wAGpk1qGUOezMP6kmQ3GbVX0XhykS2eSXUmIjkSU3LbmTmYYhzmZn9GtJWcGBJW3MFceNqGl91KmV7jUpzajsrddkF0Lkm1eS1JgvKfi8nEnt4b/L9TiFwzk0imtS2ocVERvk4g+dw58TiT38N+7+g+jcZMjQ5Fc3Y/Ebl3TSZChu7kCvOYQqE1uTpDyI7MiuPLHe80U2rdpXVZi4bT7pvOx6u9HZiOm/GqNXKOs6vNFLqpyneJfbS5iIYcrMtSqZVzec1qNXKOvveaKXVTlOT5qITbtalLNFYmJVTagmamY8bEaHWlOOP1mStyC6b0SfWSaX3vNECtbi6jJVFizJKpbsKpuw2lTVFTIdYefkioVZ2NKp0hUqLxB87hz4nEnv4b902rvx5NOldrjPObTTdbfW7/ADaw1tT6C5nBqjm9Oq8baicOO2c4jcu5w61ZmZHTKYjU6NGKfHjuxopmmS8y2+mchKJdNgxnYUxZRYMds5EhqKy023TWWpfEntpkLtj0ilRjjIM0ONndAnvbESO2ciQ1FZabbprLUufBRNJmHGjprjDJxaEoyqFV+AhBuLjUmM2zPUUKm09kpEvZjbc9lMeZBxl0+stNsy6JEYfi1VCW6ZS/nCtfsaH+v4g+dw58TiT38N+7iJiyuHX8Xq89tw6GxuzP5vEjQob+0mEjfnVhrcgUl3anVZzdn05rZh1KZ2NgnJlQcXR5aEMfnFS+dSP19b/X0k7T9OJPbw3+VXtV+Vn8Qrn6+knafpWKiqKGWZlQOVTJMZmh/sar8CnfOHEHwosdcl3uSaO45gp7Bxote+dw78Osfr6X84Vr9jQ/1/EHzuHPicSe/hv3VBjtESK6bEiuyCdkUBnbifzaw1uwELUgcPNZSlpyS4k2H4qDkTC6FxGgzZo81ER2fWWjaY/OKsg0T4FYTHjK/wCfTvGy61XkbcOpvS6jxJ7eG/yq9qvys/iExnfjeNl1qvI24dTel1HiFBlMo9RZjM1WqJkoof7Gq/Ap3zhUWO0RI7q4shutRFJfrrKQ0rNuvfO4e+HUGzdhtLUy6uvFtOm4tVD/AF/EHzuHPicSe/hv3CrsbE1tJuOMtk01/NURKI6FHM4UJuGkSaQxIeh0tmK6HW0uoeoKTVDo7LCu5mN4T6e1MBUDqy2TLU2mMSz7gMQqazEOdBbmlBp7cMx3HHySWJaTaYxLPuAxCprMQ5UVuU2qgeKNSWGURKSzFefaS+0xRmGXdJlLjyldwGGKEykJIkpmUtmW7DioiNCZRm31x6E2hUumMyjix0xmZlMaluwoiIbc6A3NEGA3C04kwxoTO7M/2KsOLenUGObUf/1alSmoqYs+PKUK84sp1AUpUL69bmvsyKFLekFxEtSW+HXFqkeY+dmUvObifbyPOoYbZqkV5z+fXZTD7VEfajyWJTEg6/8APojqGaf33Euy82+gPyWY5d+RBHlsySddQyhqdGeWH5LMcMSWZGsmdHjAq3EM2Xm30PymY4RJZcaXWoiVR5DUlMqoR4oj1WK+sVFMA1U8ohN8Sezhz5Ikz48YFW4hmy82+nWRUY0cd+RBHksyC0kfgT70+1xxDSV1qIlTFVivGKxKYOLT1pbmNTozy/5qiuVQpy4ZQYipjlKpy4S6/wDPisPS1TaY9ERQ3zamSXiYYUp2dJ7g/wAf+WFJeIp9NZWbL7aiWivPbk3h9jbjCY7sRWUKlSVUAsaPEciI4l97O++mVSX4zMaS7GVHpUmUh5pbDtIfN+FxH8nhv2cSezhz5NVl9ljRIzk6Q/QsWqdJVEkl1ITycOJFor7okUPBqG8qPJ0kfgT7yOzdSmKlvxKIbrVRgLhLoEtSxVqctKo7RvvQaQ7Hk/zuJPwcO/LFf+fw8RdjqpXgU351fMygRZCoz3f0kSn1SXqNfu6sMbE2iySOAo1SJLDZNMiQ0TzMiO9DdjVp9oRJTUtviX38Nl4pvWIx+cvSvfO4e+HxH8nhv2cS+zhz5PEhnnCnOQh37IF8nGPwha0oTIrySM65IMi6rT7RI/An3zVYwIxZSBX03g0Y7VCs/rqX8/8An8SfgoC0omEtJqr/AM/h74VU+DTfnVts3IFMdQ1MJtow5sNpTa3EDGcdmQplFCZ3ZujzqWW0mzKarUBiOjh1Su18S+/hv1mfFY/OK987h74fEfyeG/ZxL7OHPk8RtnjQXW0vbTYUcdB6cQqUUSistPSpGwyx/wD0T7RI/An3yEbkNB7brLqXmuIX0kzQGjXMrP66nrS3NzRf+dUova4zkSQ2qgR3m11mDIfl0ZhyPFntqdiQadKRLURKTNo7za09tbJEKbKNlODTzZOtPNm07w+xtxNJrJyIqos2IrYmSl0qn9jRXYr0hVDivRxJSa47NNlk8KxBkPS6Kw5Hi1yG/IeocV2OiuRnpKKHDfjvyWEyWZNKksGS55CFTpa5Ok+KUuO5DlRnGYc2cpylSUvl6B0smk0yZmn0qdIUpaUzWAzT5cpUGIiGy+0TzMmnyI66RFf7Z/alvExH8TrrDZNM/wCwy4yJbUejx2Hf/n9//8QAJBEAAgEDBAMBAQEBAAAAAAAAAAERECAxAjBAQRIhUHBgUUL/2gAIAQIRAT8B/J3gR3e/kvFFk7NRqGPFHgQjv4zwI7o/dFXoRj+/QrnRGaq5Cvedh5sw9roWBexUWTsfpjELAjs7FR5HkwhGkwKizR5o8jGPFHg6o8nW8sC9CosnY8jEaRD/ANEKmWPNF6NIhUWaPNHkY6MeDqjzRnXHf47JJJJJPFn6T+k/pPjTzH8KCN98ObHy3wJozSjxHGylWbVa73wVTSNjezgzZFI3WOxbyY3TSahKyBcV3RuO6eU/kTtPekkmsbMk7s7D4MnunieJ4D00g8TxPEixIi+KTe9iboIIIpFJPIkTPI8jyPKkUkknZi9kEEEbckkknkTZBBBBBJO87nyYIIvgjbVjJJJJJJJsgg8SCCCCCNhvjTSDxIPE8TxPE8SCPjQRSCCOPHIZJJP8S38GN+B3JEcJ7M775E0fwGRwIHdG7G5HDd0k7skjdqXHd8bnkTcuM6RwnsKkk0kkkkknbms2Re7Wz3R3QRbBHFkkkkkkkkkmkk7c/hK93vbdi5TyPJpFV5MKjr1VnRmmGMeKaTSIXJWTAhHZqyP2qajoWB4ox4HgVdWR4ppwaRGBfR1fzD9D9fDYhCp3R1VjNV/QqLk6sU0izV/6d0yaTSdmrJqNRqrg6EdH/IjTk75S9WdCuYx+/wBh/8QAJhEAAgEEAgICAgMBAAAAAAAAAAERAhASMSAwIUETQDJQUWBwA//aAAgBAREBPwH/ACenYz1zX6lbGPR6KSnUFIt2p2MqPX6ZbGPVl4s7rwxj8/372MY+Ks+DHxY+a/Ho9cNrq9j/ACH4KvQx6ttCPZVsY9GkMZtC0bYyo2MZVqy8qy0UiFu1OxbGLQt2246/Y9yPyVWej0LQj2VbGL+BjGaQvxNM2VDH/Nno9FOrLRSLxZC2Ldlqy0Lf11/kc/svf+Mshs80ic/rmQOsymyf6JVeeuR+SCCDRP366iWKSnodUEyMggggg19+vYkJR0/kzVo4sXZTPvhVIhzfz01UlNNqpKGyqo8ktCGMhm/1SMVza5tksyE/1zqJIZBoy+zJkZE9Ec5skjG7Q0J/Xgg8EodR8h8gqx1QZmZmZmZJkjJDrE7RzaE/pySSSN2kRgYmI6ZRgYGAqTwN2gxMSOlr6kGJgYGBgjHodREipI/TSSSSZGRkZEiX146JMkZo+QzMzIyMiSeMEDRTT9SeGZmZmZmZmZkZEk9c3myX1GSZWkkn66f1oGUkEEWggjnPZTv7C7II6YIvRTynvZNl0z1SbtJJJQp5VVCcCc9zt5KbxyjvppkXGqq9LjuZEWXdPGOESJRxdQ7Jkpifaxki4ySSTeOiSbIpUcaqrySTamrsdo4K0EEcJ6YFRIqY41V9CKap7I5STaetIVCFSuX/AEfCeScCc9kmXCDwTeeMk3pEudeyGYshiTPjPjPjPjPjPjFTHU6WJMabMLySTyVoHalIUD0UzyqcGYm75JGbMmTUKfo4oxMEYIwRgj40fGjBGKMEYIwRgjBGJHQ1JguEGKI7oIIII/uCH45rz1rzwfgf2VoWiodmLRt2pFu23deRbNK20IXlnseyrZUVfYX8FWjYxnoWheHak9jFuyKdlOx3p0U7PZVsq2VGx/saf5/rC8i88/f3EMY7PU2V3wRSbFdWWx7s/s02rKtXWoNK2ioqPRTop0UlN15Fuy2L8hlWj19p+eHsd35H5svAvAvHU/Iv9W//xAA9EAABAgQDBAcIAgEEAgMBAAABAAIDESExEBJREyIyQSAwM2FxcpEjQEJQUmCBoQRighRDgJJEkCRTwbH/2gAIAQAABj8C/wDT1EiCpaExrmskThEiC7RNMa5rJE6dcYr5yGiEJrXgnX7RjeVQvNhG8qh+bCcV0u5HLBcRrNSfOGe/AsOeYpZNe2xqgYpNdEWwiZjUYFu/TuQI54RP4wntAdEyI+eULZw82bvCmTIKTAYh7kM0FwGs1mhOn9mRvKmv0K7Bvqnw9i0ZhK6h+ZOebNCLjVzjRDalxfzkpAzY6ydBcZ5LJ+jqoN5sMk2H9IUPR26oj9AobNSpYRP5W0MybJsImU+a2oiF1NEP4zTS7kXxCRDGnNF8AnM2sjzTXi3NT+y43lTGGxK4n+qiRAXzaJqH5lFlooM/qwh+Kd5VDjfTQp8M/EJqV8z5JzR8JooMv92qfFPwimL1DwizTUUfFQ/KPsuN5VC82EbyqH5lEYLkJr+bCg9sRv5KayGZtZzT4xsaBRWc5UWdt1nPwiaZF+oKGw2hiQTSbvrjEUOI/hCEOHEzOOiz8nhGBEcGnlNOk9rnkUAKYxt3FAafZb4U5ZgmPMVkgcHw5yzCSY4xWSBw2kJ2R5vouBv/AGQd/IeAPpCDGCTRg5zIrA0mk07M4Oc7RZAZOBmEJxWSQaLDFzHWK9lJ7fFbaLIS5LZxB4HRezLXj0UnZWjWamN6Ifi/46X+z3hjg1oNpKHFIkXDFphuLSXck5sSI5wy8+qG1iBs7I7J4dLCI2GQ1rTKyZEdxc1ucbrI5c8R/iojI4cJGk+kDDcWnNyRbEiOcJc+rh7N5bM8lEbEiFwlz65/tn31UMm5aOvLXR2ghTFj0XwIVAKUFVN0SMPFBn8mrT8WnurtpFDX8xnTRDlklSSzPcGjUqW1/SY9jg5ua4TvLh7WIAdOaltJeIWZjg4ahFzjIBZYcVjjoCpRIgnoKrLDib2hopmyhbKI18hyKi7WI1k9Spw3teO5OMWIGPNxmkm7MjZAXUPZRGvA0UXaxGsnqUHmMzK6xmjsojXy0OGR8ZjXDkSg5pmDzwb50fKspizPcJqcJ4PdhkMdmbSaG1fKfJF0J0wFNxACltZ+AmpMiiehphC8VE8qLnkNaOZQayOwuPIHD2sQA6c1Lay8QszSCDzCLnEBo5lShxWPPcVliRN7QVUoUQT0PQieZQjFeG7gWURZHvEsZRIonoKqW1l4iSmDMYb8UT0FSpbQ/wDVZobg4ahTKyMjMc7QFZIkTe0FU2KYrQx1iVEIqJqG0x4YOXXCT4onoKqW1l5hJTCc8Mbmdcote0EFRIYs0qETpL3SL5lA8gRhg+zYs7ZBvejBiTHOXJO8qLhxmgUgZm7nFF7ImeXKSDSfZvoQo3lWeHR0pLa0E/quVLhe0r+z2STRELTm0TtmWjLqntiEEk8lH8ybDF3NTRELTPRO2ZaMuqh5pF0M1kg02fRFx5Jzub3KHD0GDfOpQyZupRZ5N8vNB7DJzUyIPiE1EP8AdOf+zZRRFlUotB9k2wQiPfknYSUnVabORgRDMt4SoXiovlWyhn2Tf2UP5MUeULd43UCIB73OKMRkTPK4khCJ9m/ko3giYZkSJLaUE+Ruvpe0qHE+oYxPMs/IUzOWSIKow3GZYgyGfaP/AEjIyaLuK2jX5wL0X+ncdx1u4p+xnm7lmiEQx+0YrYmeV6JrZ7r6EKJ5UIjOIIxaAHm7moELdDmEzmi03Ca8OZI1UmneO7NFuaUqkqcOKHHQ0UJj6OAU0S1+d2gRdKbnmyhwzcCvukXzKD5E7vcobRyCYZVzJ3lUJvJOyMac2qlsmJviovkUEGozYPTPFQfBRsI/mULwULwUZOhmzgpc2FbRp7QSTdGb2LfOqjlhFA1UNRfMVCDRyUV2jSmDUoBT0cmd6heKjbOxEnFM2/D/APuEMcpJwYxpzaot2TKqHL6lF8FBBE64RVCxieZQgBLdCglRlLRqLGMaZmdU6GYbJOElBl9SL3mTQiIMOfeU6GYbJOElB84UTypgNiUGigGETzKF5UWN4hUKk2PCA/kM/wAgg9hm0p/gms+p0lNom/6j7rF8ygj+iiN0cmbwzASIQgQzmkZkp3lUKJysnwogbN1prs2+ia32YebBRvKoPmwem+JUHwUVpMiUcrgZXUfzKF4KF4KN+MBEFnpkA8LDNOim7zi3zoPfwmi2u0bk1mnxPqKhNN5TUXzFQvKnt1CrdpTYjTMEJsAHeJmUX8mBQvFRmOE2lqLDa7Stm4+0Z+1DicrJ8KIG5jUTXZt9EG+zDzYKN4KD44RFCxieZQvKFBUZMicnNToLw3POYmuzZ6LI3Z7S8hdQm8iU8xACW2BUTMGNJFKKD5wonlUPzDGJ5lDdnbINqmuiOkHGQW81rxqssM0NZaJwNg6iOayble7Nmpp7tEc2FME6qEx3E1tVt4HHzbqpbB8/BPe8e1lusRfFh5RlToT7FGTc7dWr/wAn9pkWI3KBWqisbxEUUJzoUmh1TPBz4cPM096ayIJOW5xtsiDBfMdydtG5cxoFFeyFma4zBmocN9HBQzCZmkom2blnbB2rKhBouUyGPhGIbCbmdmmom0GSIOHvWUwX/gIRI7csMVlrhEc2FMF2qhtdcDAxv4/EbtRa1sZvlmplpE7uetmz8nVMEJuYgp7orMoIUh2jatTIjYUpHVGG/n+kZMzt1av/ACf2mxYrcoGqiw2VcRRQ3vhSaDWuD3w4c2nvUNkQScMXkQpieqY03DQFD2TM0lEMVmWa2bqHkdFPISOTmqX/AMiveVtooygCSyWcKtK7N4dq1B0cvazV5qobjC3GvvNPaLkJhMKgdri6NBbma6pA5INEF9e5MhsIzsWQNjN8qmWuE7uemwm8uaiMbchBuxfOeiA+WbMXemaNr9xh0WcxoUdkKnmf+adwrhXCuFcK4VwrhXCuFcK4VwrhXCuFcK4VwrhXCuFcK4VwrhXCuFcK4VwrhXCuFcK4VwrhXCuFcK4VwrhXCuFcK4VwrhXCuFcK4VwrhXCuFdXCuFcK4VwrhXCuFcK4VwrhXCuFcK4VwrhXCuFcK4VwrhXCuFcK4VwrhXCuFcK4VwrhXCuFcK4Vx86GDvuMKf3I37kH/BubIZkpvhkD3jhcqiX2SzPwzqhkll7lvWT9nwz91zu3WLcYB3lXUnNBCzw6t0+ydx5Cyl9MD7mJ2F1n4WYUCrhnh+n2YfcZykO9ExXhSbQYbrVIlXnhtGfn7LPuGZ3C1SaqlSaFOIcx0UhQY0w2kMeI+w6KYUnCXukhzWRvJTsNVXfKkAB1G0Z+fsKWDG8x7oX6LNF8QFL9dV3LO3hP2BZTAwt7nMNl4oZzNypfkplXwp0+5SuCu7l89n0j7jtIgmeQwykUU8uEmt6uXMfae1f/AIhTJWVaq2FFVXkr4U6QktoweP2BP3HKwTKEM0/ssjx+V3qZwkQpqhwn1Wdv5Hu7iHze2vUiJHP+Ka+HQO5YBrRMlFzYmaI27ca2QiNoeakeEXTyxuUt93kpvbmUmsyP5FFpuLoMFypFmc8ypNqHWWctqjEYJFtwphqkRLCYuqiZUwZtKzQzvP5LLY8wVSsPm1bRpm3/APmG6spEjqpLuVOqmpcvdzBg25u6gFZiSZ/CpkSaLDBj3WTix+d7rY79k1jG7nfzR5tKMOEJA3OBBt7rMIB4ImtyuicWpplvHmto6gF1WHuCyyublaLIQ2WJ3iu7lJM+rnhIWW87K5BrLBbOLMSsU0wu05u1UnLNCNeY1Rcz8jRXoqFVqMJHqQBdCGOLngDr1zQbIsla3zKSlnKLSgyI3MBYoMa3KwfvoSa6imTM9TOztURZ+mqkqGmimD1OVomVlYNpH/TVmjur3K5QGa1lcK0/BVEuskRXX5nMuoi7p1HU3osr/wAFV9eqkFQ5R8T1NoyQ/wBuWq4cZhSiQw4Lawat00+0cr7Kd269TMoEu9nopSoFRo6M21CI5H7SyuqFmFulM0auBbrR1Myyqzw/T7S7uhICazRjIaKjTILhVDIrKTXpUKrjmZxKR+0qMKm8SCoAxqsSrLehqxBXh1ejuRUj8wurqioFb3Kyt0rYTsFMguOG+CO8L2cf1VTTGrAuHrP7KR+dy9wqqKdzhYKokVNhzDDUaKbN12ikb9f/AGUj86B6qykxs1OJFaO4Kba+PVTFHKRwyxRPvU27zesoMczeIfYkuSyM9nDCnLO7UqvRrjfC6rjNpW8JO6/aN+wrZRqssP1wv7+WnmiPn4a25VL69Crluqp9+z+vz64HiiQP8tVPlhTCvyAtPNS+eVsto8U5BMYKNCkOEKZxr8hDtffre/bxorSCc5S+Sy+dnVNzGic4aJo5mv3DJNP0nDw+TjGnzdp5pzeZTp2+XU+aAi4wy/KJHpT+alzhUc/lIwmqqWB+av8AlQxJwl81DNfltcD81kyzefyogdGfzTZw78z1YAW+ZkrKfdJmypRUIKq3pn5xlHGeszO4z+sP7Cykb+6dyoVefiqjKVNu8OqJ+QXV1fpyKp1Gc35BFzjU9WIsTi5DobZl+fuu8JhZoZmMKFb7QVuukqOBW8QAnZbDon3SnusyqdMudwhZjbkOr2sQV+EKvRnLdNvdaKURv5U2Gfd0Lp3RPTur9TRSI9/yN4B1Yixbch0yxyLXcvd59AzN1KakFUq6PU8KsuSr0L/INm3i59XneKchjS+Mlmmqhf3FlI+9E/EgeS1Wd9SpZSCiJ5uopjOdVIDGpXCtMbYWVsOFVHus/iNlM36raP8AwFQrVcKtjvETxOWoCzsZXn7ruuqt5ZhVuLQsrRMrU45M1cL9TNXwsqDqJdRfo3wqJFTmqdIud+Aszuq2kT8BVxsiVQTCo1B1S5TLVnIRyDAxWX5j3bUaLNDP4QAVSu83w3d5ZRxc1XpVVBjXqbYVKyNwsq43V8K9Ch6FsLKysqonRZj+OqzxAQ1TDV2ZXD0OSorqU1JllTiVaYbVopzHu/gs7iJclcYFkPpUwspOKkpq/TvhxGSouJTHulTTCpzO0U3GQ06oRIt+Qxo0lVCo1VorlUVCUDN60CkaTsuEoP3sDkYXrMWyB92fyHMrccSEMxkEWstr0eHCU6ouD78lUqZaCrBWwsqqWEpe4yC1UpY2wopzKm1575qQ33Ihz5DQKfUza2mqtmfr1lahTLcKBcOBY6oKyn8H3V++MzhjutmpuaR0LqgVWqirhUlUV1VXXFPCp92uFVzVea3WKpkETmDQEGXGvU5Qms0VsKKpV1Zbomt4meiqaKpKlmKnU4XkqqdsbrKTXkUWuuPd6UVXYbSW7hZUwu5cZkuJcXQ8UROox5KRZ+Vbq90VW+0A93SLHGU1OHEmFvsdi0Wlhmhbr/pR6hzjyGNjhouLqCxrXUV0QSrqZc7oZmjfF+/3acl7SE16mIbUXuAosrqN0CvgRlkqq6vjJHKZkInMJrh3lIwQqgLdDV2YXBMKy7NVnNcKsqNUy2RVlZUaqmSnt3SKHtiGrimqKwxzCjlvgt71OYcm5mzcTN0kSBTkFNwou/kp81Xi6h0gL3wmT0KGSq7C9FyWi3S1TtNVdJUcCquCkYrV2rV2jVOYXEFROiQuXEPcxuzcqQwi3LLwW6rhHP8ArGnTpXVEtvz6NOhW+NcbrdkNFvOmqHqKvCIY3P4oxXbgNgEMtCp/F1QbOXepTDvBP1w42gKsVqntRJSmVxFdqFMxJ+C3S6azB5Cq8rMDPxVQ1VY1GRlNXPQuVcriPuk2lcZXGVxLiXGuMri6FlwyXcqzU/0p5a9dK4Rm2beSFMcuJebBbjQFdSznAB1Gp7jRjRuhQ3O+OypYdXJocVJgcJqW+uF6rDcuA9LdYSszhJcBUsqoFLIrhcCmQPkcjhZcPXVUuSuqI5yJclvkhSZOmvQAcN0rdOUqweFPJLAOdyRBsgwvGVlipNt1bCNmRJULQFR7QpPcHHuW7JSJp0M21bmPJBxke5UVpgKbnBvct6It2ZW6yvet0Bq3nlXPu8mhB5t0q4cUNUeyaq9iPtgJqQjrtGlcTVxMXExccNcTFxMXaNXExcTVObVxNXbgKkcLeiQ3eKrslQsU9ya4mqc2r/bPirsXE1cTVxNUnlsl7OMz8rtYX7W9sSrMHgt2K1drC/a7SF6ldpC9Su0hepXaQvUrtIXqV2kL1K7SF6ldpC9Su0hepXaQv2u0hftdpC9SmsLmTC4mqW0AXawv2u0hepXaQvUrtIXqV2kL1K7SF6lUiwvUoTiwXD8re2f4KI3K963i1/iuxgy8SqNY38rcfD/JK7SF6ldpC9Su0hepXaQvUrtIXqV2kL1K7SF6ldpC9Su0hepXaQvUrtIXqV2kL1K7SF6ldpC9Su0hepXaQvUrtIXqV2kL1K7SF6ldpC9Su0hepXFAPqv9j9rhgftWg/tSDoIUi+EQuNi4oZ8V/sr/AGV/sK8Ir/a/9DYMWddE4Q81NR7rtIpkFSASPFbRkx3dHJEzZu4LPCnIGVU3a5t7RO2Wbd1+YuLCRKtFCcXulOtcJNMi4yQIiOp3pjx8Qmoj9AmNER83O16URjMmUHRQ4juIjowVF8PdWw+TQnRIs7yACLGEkTnXo/4qJ51B8Co3zF7DzClzaVDfqFDh6CaExdNHNlFl+ooO5ME06K/hCIhNDAu0/S2UVuV/LvTXMaCSZVTohu5NhNYyTVDikSLhNbOCA54uV2n6Wxitk7kQoKiucJkigUw4NGkkIMeUzZ3Q2cEBzxcrtP0tjFbJ3IhZnVJsFuSYFMuDu4hESyxG3CfFAmWhERg1rJTmETDORvIKHEdciqMOAA4i5XafpCH/ACABP4gjFaASto8AHuWzY1pE51X+qyjNKyZDcxsnaYOhMY0gapsVwAJX+KiedQfAqMnwhDbJuqESUnWIToh+EJrdmypl8uiaOqsv0GSieMl/FI5DKVEha1UOHoJp8X6jJOhOMp81wAn6nJ4kyYExJQyPqCyxWBw71Ea0SAKhvfBaXEXTywSytkE1k+IoMbDbLwQ/kQ93+qgqRMmC6cGQ8rgKFA8wU092ESILgUTWT4igxsNsvBf6iHu/1TM7iMp5KTYbR4raNDQ9p5Jo1BUbwQY25WWIzO/mURDpIZQmMfw81kyQ8tlEhsO6DRQ9qMwlWayw2hrZWRdFhBxzc09rRJoCheOERM8V/ionnUHwKjJkcc6FOgmzqhZObyg42ZX5dCjf4lfyB/XMmA83TUT+tVDOtFE7qKG3uWeU3mjVlDnPJ5ckXFzJD+yh+YYRvMoXgnqFPXGCovgij4pnhg9Qp64iHC7R3PRUc5wHNxojEiFuUaFQ/wAqN4KD5sP8ls4cs3euJn/ZXh/9kyE4zIR8E7zKKoXjhETPFf4qJ51B8CoyiQ+cqJkT6SmtbZrVtDd5+XRNW1Rym9E6J9IRaeac3mxyYDXM6uEN/IFO2nC7miyBvF3M8lD8wwiz5maEJ8NxLbSVpbRq0e0obSE7P3KG3hh13VBUXwRR8UzwwiQvqC0e0obSE7P3JjeGHXdQdyc1GFGmKzBWxgjd5uKh/lRvBQfNg9gvyQeLtNkC4lp0kpQmF59Amv1E0fBO8yisF5JrxdpW5CO077LaRJzdWZTPFf4qJ51B8Co2D5cLt4JreZMk1g5D5cQbFcb0QydeZwMUlwJvJbRpJd34FjxNpXs4uUaFZ4h2jv0trmdxTwm6jxzVY9PBNhts0SWY7r9Qu3HoszZl+pTQ8kZdE4sJM9cJ53oDTHMd1+oXbj0WZsy/UrJEC3Y1O8Jw4nOEsyEVrnEjVOhus5NiBziW45juu1C7ceiBiPLigBYLaOc4HuWzYSROdcC+G7I43U4r8/cmTm3KJCSEJk5BbR7nA9yLGEmZnVNzkjLonZCTm1whf/Z/+LMbMr9xvoZN3Qi9wkXn/i2HRXSBRbCfMjuwkHkDLqjmJO97w2HCeWCU6KI2K7NLmoWVxFeSiAuJGXrXkfSUPaOvqh0TEiGTQhDY85j3fMIbYUQOINU50V2UZURCiB0kfKE58Rwa3Mpb/os8NwcMJxXhq+P0Xsng9yzxHZWrIyKC7AbV4bOyOyeHSx9o/e0Clvj8LNCcHBDavDZoxWxBkHNSm494CzQnhyk9+9oFkDi0/wBsG/6uU+SP+klLmoPiVE8mHtH72gUt8fhZobw4dAh0SZ0C+P0U4Tw7GJ5Sh4oeCzPcGjvUpud3gKWfKf7YRYO0G00UJ7zJoKyQ4oLvlxCDnPBDjyRY1wEhOqe57wZjkj5QhCh1A9As7iHN7kGT3X0T4p+EKtXvK7bf8KLR7Cpj4mzTX82lNcLELJyYJIxD8ZwiRBdoQaXbzzcrdjnN3hRGxJVNJKD4FD+NDqJzktqS1wF5ckXQnSJEltScs/q5osfRwTC64ooflUbxUHxKieREt43UCyg1uXFF0OLmcORCafhJk4YxBC45UWaKdmP2nOhxS4jkQmPBlWuMTylDxUzojXcHCEHxYmQnkEJnMw2KP8d5nKrVG/lZxlnOSbCBkXJsV0RpA0+XwvMneXA+UJx/sovgoPmXi4IRWgEjVcENOiuABOihzTtHVCOY9kp83uTIY+EYPhGzhJSeCJWcgIgERv7WeGfEaKD4FRSovlKZ5hgfBHzKH5VG8VB8SonkUIck7I1pzarghqfMlMnpgXOMmjmiIMOf9iiMkNflDCJ5Sh4qIf6qGDzdhPQqGoqg+PzCF5kcxlMUWUOE9EfKEfMovgoPmTpfDVMMSWW1VMMZ6LM/ZtHehlshFF2KKxtogkUHcmVxMR5k0KYyxGFCLC3STwpwHCW1UHwKjKL5SofmGH4TvMoflUbxUHxKieRQonIUTocTLvWmuBvogHbME2xa0WLqqUUTkKBOc8MaJaL8oYRPKUPFPbq1A/SU2IwzBTYIO8TMrPyYFFUJzqCaAzCZt8vMP4rhZXQnT8E+I9pa0jms8OHmbJZYrcpzKIxgm4hQnOhENBui02KJgDOz9hZW7Zo0E0HFrzPm5MboJJzDZwTmH4SjEN3nGJCBkXBUbEb3tVWxHn+yJdWI6/coRhMzSuohisyzURouWphMEynhnhw8zZItitymaY6EzMJSUTatyzKh7JuaRT3RWZRlknQn2KMm52jmFxR/2mRHtIE803YmHY8lwOnyLUNoX5BzeiGQy5gNChg9ouQh7E3QRi/xxOd2otaIzdZKeU1u5yyNqeZT4brOEllMMkciE15Y4Nbcn52+IeQWrnFMhj4RL7i2byQO5CIC5xFp/wDr/wD/xAAuEAADAAEDAgQGAwEAAwEAAAAAAREhMUFREGFxgaHxIDCRscHwQFDRYICQ4XD/2gAIAQAAAT8h/wDT0oNUEmSyenF0WgmyiY8JXTnzi9W2tRoqvaKf8lHoHT1c9C6R1Z6JqxFGz8FEZTLm5fUQiadT3G+01C1mrhmTYxJKyKj1qA8ZGlbNpgp0ElXRmmI4HKGYhAdRN6A9rI1bGZbPsX1FBufJCUq7rdf8bDlirtD3uMigyth6EbqYHluEn2RYpbkSHJ1GdjZTZXwYotn5l0eR5CXPGfxZnj3HmKr6s8R/fNiJCaLouWUY4GrV2kITMmUcCr0owb8IooMmphFqimWBr7yi8oZITR/8ZFiYk50FXmqVnoQwgVJ6I6Kq7lni0ukI3eUylsQeRTtD6Qbj+cISfZ5SAMQ8T6+tR9304iNJCpT3boiaHpDCfMp11/B/xkegdPVz0IfwokIa2eAjrT1UGmbneJo2KvgeIa1+JCfo6jHFTvMQTST8Uf6SgGLGTrZBtGarBnsJHqN4aQwLtH3KJBXbDLIiVwUVckQt0Sf8W9FSCY6GSbid6TejaH9yTcTvRuU0hrIa20md4NwAsr+olSrEkNXA80RojqOdcOBMRsD0NzdmJmmuxdV91cY1W7pYaNOOaSutjXgao1YzffekQBzlfYZGbxl6L/x0atUXmJ3/AI14QmwQSyGuCBLnrAGhvUZcrRr8rxZduJGW6pt0j1IWQpNJsRuJuF43HcWlkrgk2qdvxPKpU35ioV8Nfl2icrCwGtVfmsXWlJPhBodYN+Xz3EKjWRJfUVP4aNtnMxEB5pEKHJCjCaRNOp6P+I62Z1MRmDd7KDYodWRGUTzKngwUMWVHrvRVy7d9AkXrdqQiMHRlQjAlW3ojBO7lMie8YRKt8CmIcxJFW2N6gXNBLoZMVHVcYbemVvX4ohVuSPE5pNQHbsGayiYqK19QxYpZBqzTo36uEahcDOSaPp6B9mesDzMa2T0MHbroa8ukANzDaLo20Jl/QtmkeI0M6r1bcHh6LdyfUn6uLKfhenqfRtQqDIkaRTEa+nlDOfoFJWrdqQsaNmVGRuj0EPK4VasTR5IpfQrq8M/p1eh6h9zQXgt3jgX6DmQTunR3A8c+gtLflyfUWkmaNdLan6/aBYiu7aC679yiEbIlqxTbmmSeMgRh4nIFbKOZTHaa3FCwiaa4E6qtDVGY8pfQhPjsQQpiaejQhudY5Zr1GTRrmlIcpWvQ/iepdAZRrEuXyRftm+ojNLfcdz13pBVktewC77LXiwPmU8RyepDK2jVxRnbcKgcmvmSYhOxh330H8BKqFbbgovgkh66NQjCT8xrAWqhQ+4KHQzLwRlsRf1C9KJWJnXgLxOxmn09A+zHFavHUx6rJcg6Y5+o0S0iFapn6iIx84vAaMxaaeqg6emxG/cUT18hwWWbe3GbVqzWcHqY8Y9A3ViUxUy/7jsv03ueihATw18BwYYbJ2M/Q7mq+buvAt6Zkm5CdSv0JnKtX49HoesDFo6rIxjZE/lqTWjGumYm+CXDRfA8SUQZ1e2mhBZejYeC/vm4mTY5yFMkzTDAgTX43Y9SHMJaLEdoWgqpuo3JFascJUrFYvxSlsKCqpRk7EWAjPBtcDJjOJEfBog1XFgb+XJ/E9SGjuF+w9D3PuLRwkwmiEz1U7LGzIx1MNjZVNxmwllrheJeTUIYTFqfRMu8Z64esGnydPVT1L7nqh6tGo6EMej7UVvCE89SpauZ19A+zLlDjtXppjZjKNqvU/fckSCat+I5BqwKYaJEINEiw6qg9RbGmepmxFoapCKdR444UUSxoPbEauVWw6EUm5aTMaHpYkEm19FrLd09E/v0eh6h9xYpNJeAvu5R6RCw2iYZeuGE61DU0O7OgpuplscMeL4hKlQap+k5PUhegimIdgiQ9Gerfc9MNUC8Vl53cWVF+uBIlWpoWr7xL9tJGA1T/AJz/ABfUhO7J9h7hRu+48FmSeUK1YT08D10cUWFY1aQdfQ9jlEs7VZ6sel9PQLoxc21CI8TSb1GaMWkPQ9dPUvueqHq+iasefE1GAnmS9oF4Lr6B9mJ5cKa2H58S8h3DGhqxMrzP33J6Ud29DpNJkrwE2gEllwC2RIvN7s9TMQo2ih31hG2qj7OTE2jI4PK9ex7HLxeiU/Q79Z9Sj0T+/R6HqH3P0XB65npESRpL3Q8TTALKPYIgwREMBAXmNiaTJmomjWKtn6zk9WP0HJoQ9BIl8hyWUpvQVDuApX+moS32rIHGna2k58DGl5Hcv41cGtNIIbiCEyJt/wDYjuamsUvtCf3NHUq2hZPd4HVP0/yEoSTjxN23tvliC7Gg1MqcGOkY4UaQnf221dBQUXt79jtJ5Yw3NRmpgyCEFuxZXBItRp5kNRVUW9EsKFZQGRCtvK6yaCRdjfRlursGWsu4h9rWOpSii0L8EaaQXlF0+k7tTTr5RlT+VBehGVb9Goq5Hq/VjN6Nqwx25WVkWxK1D8D4Oox0MKexrcPxiHjN6E03hqVdM/LLFc6MG3rTNOjDukaQmUWVx0ZRuO00hqHo+hq/LuYaIpmaODIZ5xGFT3P/ANFuvRGMA3EN1uiHI03RyY0k0v8AdC6Y3j8lHcEg6TSmoGUiLFBtwLTpZXnAxZm5QjDYDj3wUN1tO56E8xv1amXndyZqUdIlMw14LzHMtUp/WQnZ55Fs1cv/AKNeksWAz93WV/8Amn70e9HvR70e9HvR70e9HvR70e9HvR70e9HvR70e9HvR70e9HvR70e9HvR70e9HvR70e9HvR70e9HvR70e9HvR70e9HvR70e9HvR70e9HvR70e9HvR70e5HuR7ke5HuR7ke5HvR7kdp9T3Y96Pej3o96Pej3o96Pej3o96Pej3o96Pej3o96Pej3o96Pej3o96Pej3o96Pej3o96Pej3o96Pej3o96Pej3o96Pej3I92/roT4J8UM13HsfKI7khOk6TpCE6z+XRf1s+dZomPJf1C9f6xL5+MuDW39Qv+sXz8hGbP6hf9YvntqZ/8mUhL57xjJ/6hev8AVJFlfNnfSAnz/UNvimZq+wmafSNZvF/P2/6rwJDV+HAbkqc5onOyHV87bIXw2i9jlmJU+cY6K30z1Ll3OHy6X+Fv+rrYk4o6NNuBN0Zd3CE/m2qL4O8GFNc9E+DGPPRWRIhPn9RNa2r+QfwUvyH8S6bnP9ShPHUn4xMFiu/zbVF1h6bXIySeqRtk4Q21MZZJyZQHz0JPT7F5edi+N/IpRfJXTev9Sl8DRDGYEvgvyQXRjVveLFs+fsNqxn1FuBvgWzQxQ7CGGtx4wOeVuLdwvo/E/iQ/nb/p4OeDE1mVgProGixdWUT+M1BDF6zGgl63yzCPIxMj7IhCew3OlilCOlQD4F8L+JD+dPX+kgg7QjaGKqwbon4CNYRlj8nox9RkkxIfymroIQ9WjHiLGfIGtES4CFkjYo8oRuaDgfEUa5F6QWz5FwMvR/En0hCf1Ol0zrRigOmxLSZQpKWQkYkF7uXJh+H10/ANdV8WvoYcnIZz1Ot7GtPYFnpsQZDRuhgnjJWsndKuELA2MvIYG5SLKWXz8khdGX5c/wCM/jQnSIXPSVkIC2GA0CEhsKNkwiNumk0dWuq+MhUOpsNS78GGXeSpMx50iRoJ8mWo5YwV26a4bT0G0Rqb9x3uiEGX05kNRx6r5CF0fzN/xn8ho6LfgKEQnQngiGlI3mhMqNSGp0PQXRsfSjfCgegnO4KVmTTyTMceHcsmC0QjR5W5NCNFGhFDWaN9uQkLQS2aROkViVrsXzZJNRsXyUyj+ZvX+aui3RdSmpDyCZ0OGcmQshDgaNR02GJdFORpgb+BaiO/TJ6eg6aZbORMxrjaxE288RolGYlc7GnJ/cQDeEVuNBnaasjV4FLuWYmKMgn02xtB/wAZa2Tp7MWfj3HLHFS/kR69/wBuleiiEqEL1osF1wcQTVmRjWQNPno0KtNIfWp0QZahSjEEx8roug7CjDL64HbhQtzPKksYFo1W4kmPiGqaxFHEbgmJirMloZxrY+3FAWsB8jVtNwxEphZFswISE6NZM2S7C8o8z5ousoY2RK/HH4NHftuFKS3Hx2EbOHbHh6MtxqhVamCzBj6WUrUa/A6diM0cFhfPnxb1FYV9bc0Q/ixZo6Y61o2ZLzE4xo0cLz2FWEYq28Rvprd3IWmIvK1BEzdJbD4+rNWNk4Kj3sH0Wo6Lo+kTURE0XwKJiZmOESbhLwNNh84E2MRqIW5dPg5sajcIg00sN8sj281De9uSChwEnUxGtgKh6x3FSltLLQyGakjQNVFZ5VEdsQs9ybu/yKeU49i4ceWFaQxUhfgBgi19UNi02ojsmzEPcRsJ5G2kDx8GZ8D0KthDPMkGiPuMbrR85WuDyXbVIH8O9TbrgxD66ujH8FNRMrRjGrdb6UbPrYM1PrfhQulNDFoUGW6WFKq2EMvqGOaV4iiG0DBqMqmvduhRsoKu4bNvcpgPn4L0HBon9ReVrb/2KQSy9ngFJN8cpmosC30w3eo/gy9Oqkw3RIZZAswFTUtsM1VcCswwpw9CupCbx/i+WnGMgPV+KfS30pS/An03+OhdUo2XpQ3ItF0FcsGDtWVwbY+tJ90y0i2XwrUegmLEDW1PEQoPfou5gxEtTyP4WaOj1ZGxsUy7ngijA6N6nI1uSuTQ9ZwFLEHUH5Fj1wGlnLu/gt6/0aEaBaNQfxiM+gxPkI0dW0TgnlDFFwBMjcCR4+KrrpYRgdA0hsDCFGL5DWNjB2jaQkmtSqrw9jYQRo1MfP0h6/0lIkCPokLoNdHE8DjCGhr40aPgh0g5GX4m2Rvybrq3YyGrEg3mo4H3jE7i4ssRE7jXRVuJ89ev8MnyoVwVwdgTdhO2OwLcFMTwPiESpHZPCPsMGg3ghsIafAxOh/AtEIJMTBCdVoLI9Qi0adaRN2IT1OGmk5oDrl/NF3maKeBO5v05x9xfIxqxnIJjmO4VFzcuR0iNfOXb/BQo0NifBGJhnAn4E3BwjjDeB/HQgfTZsQHRi+IfEMKbEoWQk1fDJIMGgkaREJdWOmC9GhbWV4DChO27IbtbU7neSHa/Adgl+RoBTjKbvIY0mnqNG/TMetxm5McZUyCJ8wbFxr5o9f4EJ1TqyJRKIkCCCBQTXIk5J5FdQiGjR0pbmEMhV4Qm7GTJ3AIvUXZEeAmuw+A7J2jtCRsLjZ2mPhYzd4Q1FfQjEuAmZ0FnriZ4yDHOEl2EMd8goHXsU1pyFvRnOkxwg1elG7v8FF0qzjO4LEg4k0Y5rjRDQNdIJEIvgnqX4YQhRH8KKUvwjZRZfQQoEaJWM7l92PUtlPcjqadoJuHDBHHQYImVHuTWNkH0jsHYO0doadjtnbRwhwTJJ0WZPFDmY9igIHOEcgfUEQiaPBuaMxF7oSVXL3Iha+UTdHu9O5RrC6PkVpEa+BepS9NAevW9EJdEIT5bx+A8IggggScCXgRwcI4QjgTwIEpI0P2HBqhdCTcNifcwjhUKuNUa8k8jXonokhvdC+R9RB6I+4gBTWyPcLXakNsjcaQ7kvEnZjjRwouBrwcLhZb+UckRoTadWGJcBsuqHpX7i+Tqcrh4kTaA/eCzxhS5Hr8nRHr0gvg1+GlMCSEkYMGBQUMDITQyEhAkExCEIXRPpENDZG1NKKhK3OYJMyZDWGTyQeIz3H3j7+hJGbCalVCwPEzj0IPdI7YNFindHwF9GTZF9MDHkcxndYG9zrhwH9WS3Kdn4fINn0XQ8g5OoSojD1Xyt6iS6R1L0X5IDXRRMVFRUQhCEIogjBA1IPGNOfgfTRqLGyi5Ogsy+ixMtxsy+TQKtiwm26wnWgteRT1Z5I7w4BQ4Rz3GWN6llZfj8/lXpcYi0gHudV8kZX1pSlKUpS/FS9EEkEkEE/Elv0mVtzvHcHyDbkaxsZ6T4ETpCCYqCvNPcWpLESGMzqhemQ95BuG7LfhiIT+Aw5j6EyXw+Q0/mUpS/AKKKKKKKKKK6KKKZMkZCdSvixY26W43grgoVmWafI7FJv8AYIH5Qk1o40VmkNzhGTV1hF8eCoqKjHzjdLuEADXtsT+ZzpOsKLE4m4E5fQnE5RQgunPB4Twk8CXg8Al4O0StieCeBKTeCZYt202faFm7pcD3i9Uc7c26JtaNobPkPsMlKUpS/wAVMbqGMdEJ8XCEIQhCfNCGvgTgm7DGwgaIJGwuIScEkcE8E8E8EcCTgScECUkgjoSRUQSNB9DZ/eluQloRojBTsi9Jout6Vl7GCDuE5dCCIiIiEIQhCfMYYgZW/VCGSHEQR+Dep4DwHhK4K4L4L4L4K4K4K4KK4L4PAJ+BP2GimokX2EvYXEStjw9MjXqwYIMSIZFTJkyRlGRvFGw2+memBXMLAl6f3GnYsBzfonp1yZK6lL0UUUUVlZX8FKX5CZsNGqYhhMqTIyhxOjEqyORhAzwiXgS8CTgjgjgjgjjok8In4E/Au0RwJWwggQtuifAGGh/GvkgjoQnRp0pQsISPoTo1PSoTZXpGPTNIeMF0hY+mi/xqUvVMtGJOHk3yhOz6TFco1EakPdBJktTX1L4Q+ATCCKOCBKSQfWdEDSGidMEokakdSjF1iGMaF8IxZH0XiaC2ZNZYssM2C0G39EnCticNOOSiURh9Dsp34XoXYJxFBFKJeiIvReraIKuilKNjQpZTL5L5GmuiJSGnwQaEl0vSjg0SdMiqbrmw1ByOnAqPS/pIFXiGwBcsoFnhmGrSXQWn49EojHRDHSl62fAKzPRoSNSiy9BntHYst6JRpodNTJPhCdMldUIyiu4IiE2BctFaFqJH/TQdwZL3QkV25Fu1oKgsKKhKSavgsEdRr8IeMZtF4jhV0EjH0EyCRCGgxZEpBCDQyj6so+l6lc9GoKrA4s3/AKei1LkiZgTlhNm9S6px0d7MyJtCe43Ohi08zzPMafJO4yGPUo8RBmwwk+iRIREXQaGQsFKyupWJNj65dezCCXSHjhUsjeo/6d8PArNFqLDHhomG/TDck3G2ZaMS3PpgeBrek7mdjIkNQzSso1dFGLBgqI6I6GNA02xbrkhoGmIZ6bCaEzJO4l3J3GY56KEOCyIORE7hti/1CtwrdkFIpHSbwJUyjTk0EGFoMballgdhbFAnNjRoYCisfQXsJvgvgyaHYKZUGWpkVERDPwWnidhWJHmeIfcRyeIbXI13IEVCXiZEMdkWiwOfJWFW9jQwMrgaPIfP8NGjn3mU62YmBq0vjk+l9DvqImKmCi9PWJTJQSljpsTdEalRRLplk8EcE7HkY6OwyQjonRRktlIwlSmo0xJ9Jeh0hGJNiRGUVuZJx/RFr5+VI24lWxak0kC2JIjHIiar+EjwTgYR69DJPHWzwH9T6FtDsDTwanwOdmOpmNkO2bkhaGTTAuZqEy6ivXzLSr2FzI6EjBgwS2E7IddFKFI6Jug0IHgiIQDamUJrZFMoWWXBGTTLqtIYyRqEH7I3nF2moLC/JSEIGfllWW8lRjAiJhp/JP4jaAK8Be6HjA5zoWJ3w3Q3DLffhR3xwMbA6dVG422G8QWgk2IZGlKuSrk03J6GvQQSYVupjdmDC6KiW66QrsfQIXRTB4TwE4HY6LjA0meIncUXwvv06MhsdgRNRUh3BqY8NQYsaeQhajfyELVbuTc1MTQ32K9kN2W6jDgZl/Bper2u0yGF9moswnLU016Jlo2NmrDb9CzqRVFlGDIn5C3S8Iuw3qObPoLayEI7h3DMaiiIhdipFYQ4aJtFlhHahdpcKKyuhpoN9FkSFWZFpMC6E65CmzO50K2I9xtcGDmYPU90X5fEPqxGsNIskcHgE+JW+BGm3o+GI6j/AIS/AxOpwznPqhTkA1nONh+JhpSlwRVSkWrwheBR12DwyKLYr4G1NDJpUOQj4Imbh0MmGomHWsC3sMpa1qLaaHGjE0yoqR3Bq1Yo1UJowVdJT0i1EtUIG0ka5EVD7HiVDpaJGoiQlwNizUy0K9BW7NXA+qQ/iS8mnmDyBsjF0BhjcSWEaAoNCjU3fMxBTXcjGIjX8VaiWR6dUczGBrWluEYMnoh6BwpbF6rdGNTDd8CcRWIWjhqT0Eg8RrlfgKYaNhUMeI+TGMLAleBjS3qbOGEkajrURsMEMPtMPBVNLQbGkT26F0wSE6IhjkTuo2YpwdMtyFzg0ZMCbPCiKzTajW6tqymBFPianCvqmOQmJ7KC2AxZwZhlmImM1iSPAV3JpucbTGzcamP4mBHYzQSyRH09OrSLUja+2MuprcbKhhMTxs2Mn0hngeHcEULkg02Mqaot44YlEuRswGjTKIHKouxbwG2ho0Qr1hnU6MSvVDvctTI4yPInaJoipFF2DfIvDLuxe5eXRXVk1aBW9KPGmINYyGQoEETB3EDM9PMGF+XouOqG2XxWROPqEfLYQ0tSRkidoU5vkMxuCS4CiuVfAaxtpLYQyYVWhpA5EtBkQ9kT+GmOtW34msKuofyK3bVDdZNn03IYlfcE6dE94d9x0VJtmxmPUY4Lu6EFWlRkGRVZ2+RLW1vUgwO4kII4OxEcM6Q8QjB4WC7kQWEHVRqiYNCFlB3c2fUYsUxkYQxyW9y5lxhZYljLLIjIWEusNieoJJqZJiE7pHYEXA21Qn3GqDQQp8Lc7jrp7OPlRNge5Eo4wkboNOBc+nywjKL6RJxsHGpu6e4kr4nodiDuj4tyImjQ2srobfxvAjTuG6Kk0MqqnUdyNChjxY271Y0pE1FMdPJnkqJLvqHuC+BX1XwIrYhbYKFW4lZuBbDEr0dGi36BPbVKVQhmHcfJhaTQi7WxDZCfhG4F4FZWaLDM8jrc8QuE7XwW3lpcD2QaYQbWxjVsWqOmBp67FtJwEnoTLziFOxjJp8kk24lkVo3UKXydE1hRyWxMVVqxpGReg2Cc1CSrPYQYxbDLLTNWJ1OSfUEKrzVlqSzSlNaidamGmsM8N74/jUCbQvBQl4BuOdqS/B62vosypQUroJqqdgwC0uRdBsyDlnLz4VPYRbKLGpsENYZGryRtQkwN4jLSEVwhFPkeuDXUi46Q8jPTxMGOnmNvJ8xW6+WOb5a0xJJeZnyqimWzXBWYNkBjKT0aDyfnsiOY1F0TfIiQPv0FhrkPt4GXkSxgh2RnpH02I9itNWy68dpPYbHA2tCaTQw4WYNB4RCHV6M2+/U/iurdS6o65OwohCGrowKeoPSIp3rT5GsNINJuYvwBiGwNN8SimDHWGZt0buVvBUTzmgpek7k7k7kXwzuYRNg0mW8CWghjXfg5hMJNokYX+xou8xJZ8JBSrIztKHsDZb3FWw8AyEthqJH8SsmtiX5WogmxDlkqRY/IwYcwZZLk0Gfgz3bQ+61d2o/MPYcLIehRLZwJVrIkkhJjbN8IjZMWy2PBnImmfEL0JJfEdn+Je76otsOnRjTWqhsShHsJC+w8ILBmtKmas2F1rG5JMqblsWK357DyxYtheCiCyM9YWasaFRnUxGN0khFokScEpZXRHA1wElTGm5F0IyyqPazHCY43EBG1lQ4DJLqzakV1GZPewfQObyaxu4+GDpG9xuAgTQ3nOhVFR8jPAdG78Xg/EKJJzHYapV2CQwGbiTElbCewzuXOOpKZ1LmaUQtWvUojepwXJmjLAtmMNww6XY08Bt3GhMVkvHfIIP8AgJVjTTj6qqrucoVbQaaD0LVwiEF7EJqT8wey0FLrncZolaPkeNTgqeMBUN9xNTJYJ65oSG2z2LgTpbiMruPqh5aGHVl2NxOUx6WXjkZku8o3esnwPQSIkqrwHdVQqhy1GWEHjULvmpLKgxnutUQ2bg0yOuSDbkYPLjRrgpjlUNdjpE4Gtkn1Gnl/Qc8CsXcaOVH7EaKFCHkPkJ5TCvI2Dgh9T5GLQeoKNC8x4bdKzLyK6im5FnWQ0ywUEdot2z7M220NHTWzJqNAlcScwvooziPmQSMT9Dbxr6hJ9VS2E3zLURe7G+K3z89v4WpVpdaNhvONW6GkgThRy10Ew1PAals3GvJ4ipuNrkqSvXQSzlpNDDV4auDSJPhBItEJOaHDYUzNdRXLI+408VPsIiDL1MtmJcoeDF3fqNqsrN8mWRL1PcclbyiKTUGUrpyeOpUZ6eTKaGh3zE/2CIDQckVMGXySOXXktMfQddijd+FCZG9xBFORNqzUhkzj4NsQNoGviyxd0IUzN8ckewUE0xb4Vk1XFFGF9V5DgMLQd6U2IbdXeZelfLPdiWiPMbdX+ZWcv+GjMJodgRnendnddE7sWuo0I6TfIoywbPVdgiWjeIpQwG/B7hC4Irp0l4I4IuBLpOyEkQ7QlNkZbfKLCnp4FEKJp2HhhC8AkjJ54OCEOpbHcRoIPBKPSKh7TOyFTtb8RXN3xIBSOUaR2OELcZ7/ACNmDvyMGiL6EJXuNENNqG3lzHwGhm1pDNXweXQIlBwW7EFf0yRMvEurQTs1dx7TX2GiurQw9Oz/AJDNAxSDHSlGjVi2mUfhiY0K5gZ5Xj8enTG2fg0YpHGQxbVvdDk0JDifIYExU4Jhk1C1Q3kb7C8XYrvfVoXp2sZ3a1MoUz3ozC7DAClITRjyOB1WYGha/JJi8sBpkeX4GMnmAmHbiiJ3ZB9dheiMJGlQwti1CFJHnXsPWnrHdBPLHoE1shJeREVnfcFGU5Qzv1Q9U7z/AI98WPpTbWbdb0SulHsSdO6fX/DHq+b/AAT59Pf8G0kNUbFVLzbEEfmGJX+7P2Gcfq/4P3D/AAUM08xjRf1H7mKf+gveSTJd92Pb9ccabhUxC75yfUXr/BaVOcv/AAS0+qYs2+7We+spRfg3/g0RqnLP/BS0vCnvrPcWe4sSUdmXgrZO9/4bqef+CPP6n+CPLPLP/DYbxpLR3i/8H7Z+D9s/B++fg/fPwfvn4P3z8H75+D98/B+2fg97/wAHvf8Ag/XPwNadRpv/AA/dY7o/2o+9Txf+D98/B++fg/fPwfvn4P3z8GhL9OCcVOX/AIHln5z/AArTzApm3vexmK+c+wjzHZ/8GdF+jY/fPwfvn4P3z8H75+D98/B++fg/fPwfvn4P3z8H75+D98/B++fg/fPwfvn4P3z8H75+D98/B++fg/fPwfvn4P3z8GPk7/8AwOo5+3gIrNOz/wAGifq8CXkbf8HZ8ap3/Bs2PBv/AA/MJ/h+6/4T0+//AAePKTi/4Jbbd3N/wURPPz/z/wBDetZxJaThPXi/issL9WJOrTDc0UlI0bbP4US2LrD9rASR0mMmhLTfBqSz+xc5HTVMDofGj2dGtnLE9hT22qzE6aSMy68JQA3ixVsWvww6RK2KbWqnw+sZ6B/FurWzuOHlUEHti3Y+H7A/Y7LpD0y/sU6Sehy0A7C7Ii94K2YklXcrLyN/wVazIqCyPMPRgstiDeWJTTaPyiphutadG8WIfSZWkPIFRNiASNkhs1qGiGm2kS8ImItV0Dh6hl1Jit2MuzyaBEqYlbvv8DZrUNENzbSLtIiotV0DEVLwF7mmM4VEhM8wOp+gNClVBJiSccCwfCUjvnwY0LN0Ox+koy4LQvcUCTSV0MNokDAzMgRMjfCiw90b1dIyLyGgiaaR9gfsdl0h6ZFTEi5FZSkWzFaMYzHOXhaLT+tjJsfMjM8sFUsyJKXvhYnolE1eKEX5Zg8EMKJtbCe0j1yEDbDITTNV5feE5BupBS6KktjNKQ24hEslbD3tc7JxRb1RXDZJqNK9z1zGb8L7i41ROtECcF3NR9HfngD3tc7J1Rb1RXQ4TUaURGRu4yYW+bZOaCs5Qp2ij+nTVWV8SElJyy/g/NPEblk7mdtWERYBR4NSCW6E3Qa5wwEWOyoQOUJJbdX+1+x6gfYH7HZdIemRNmB1th8xGAOQeRPWP69v67RFz+Aq7xi8hmaZ33I5LKT5FOcTV5lCsppMDx5vxFzIzB8jLmw0cQjKteX+H7rkR6h0K8fKEP8AY6+uZ6AenZ+j3PRelY+UIf6imaFbbB3omcUMi9SrPRfZ030jornwCu9GVyh7i/wbNfqv8E8tVND009VPTdX+1+x6gfYH7HZdIemRz4rxIQ7XKOUqj+pcRqvL+ujJcHyNAEV4FIWPviNOJGUhHFfBmaZQJBLYXZNtp9qS64yFoIra0aIh+656IBJgGtiRBqctUuGd19KYkh9NW6jJUusG+Nz1zPQD05+j3PRenJmHxO6+lNCSJmuMZK11h3xuN2sSM2aEFaWvbuoa+B6L7Om+kdOP2+JCVt8xuU+zOFvZZsMPSUHpp66a7LEwg2DUpTuwHixvcHqB9gfsdl0h6ZdJ5J6oI7WkNI5S/rklVEYyNITenBb83r1OmeSqaKYdNFw6J/qxple7hKLEDpUG/FvR216JVRTCj5llmC9+IpAT+teJnBpfU4ihKYYb3sQ1U09xufWOwSl0SLrAz+t+PTGl9TiM2a2a1Rdse3UGctw23gUP3ELlyjgx/FSfVgU367vTEEs8pYTEhxESMAzgukKPovElSYLHotEUXmPhkyNMHcNvMXoHAusUMVr7QxWPtXRq25wRVYvq/wCj4h8nA/8A4RPj/o4uP/3inaRRWjGyVabLozIRIkMKI2r/AJC6ptyGENdNqK1C2tQyH5jd3+axsjTE/ItcvcM2dvhmddbHe2FJuv69uKsegHC2EhXwmx6J1TohPMPlj8SS6TvpldM7JonqzJodo1Wu5DqojVsXW9ounjvbcUtvqdbqThdZixqN2NvU1Ha+7uOAdbahoWPsGRIFryh9neLZdM6RL0wKzuac8hU6vQ6705+93XS2kx3mKLZHq9B3TmvghEnvs7BtUJqlquv67jo3pw8rHdh2WDsCNtaJJKJ1VOoWPQr6xeG229hdd2iX9d3MUHfsJBvbyBhqcuhFYMjILdkjewrdql3NDGniItOQlwbl4abhWY3tw6o2nZi1YrGt2pFtNF5tRidHi8F0dqYteJu7GVbsGgbu5ZtUfpOw93bg/kaNCAMjCg5L6q3BA1ORjVz3zD93uekdOfvd0O+2hHTJdkHupC4FE0bXgAMkNaPpZ29LUQpNmzyJ6HcCjz0R3LcTqvT9dx0BCmRKmMptWC2ojUqxd+iAe5cKPjgzxfcC3TETZtup/r3rX2+D0KIJVvWKUfd0Z4SegZpI6Wg9iZqljWgVI3vLwYSocl8lXwGLV98zQQQumBlquC5i2DR+DPHmGB4ZzNR+k7CsJWLIiRehImlqr8giSJKIRLFtPXj93uemdEfvd0dszY4Zxqk9uY3xdVEVypvRDdStth2/i2L6D+SamjGg+R6Tp+u46AxRqU6SQhYUFWaraHQb1M+0+/8AY6jvtX2E0nDrkZGCqtHnoj1Pr7TPWy8opKuUYQgTBPdII8lHVokVdGOJoR9kz4dKg1RWP69usLTrZXCnxNISHt8hB8wP0nY+06e/cc9NfwnrB+73PTOiP3u6HEFqMKmpc13PY5Zz4jlb+DYR/WWjdGyRJbLQTTpaD0nT9dx0ZyHXD9B7tZrBUBOouMgOEYC1jYjcOF9xw8c2eEtXX+vjzSR17jejTiiY8C5FLmKqh9cazjNKwCLd1thINRGi6T0SB7VTsCvIS41zqtjUXCNQZiIC1XkuqQUBNmTw8VefoKYurWsfUtdbJs4G4lVqNi/WOUTnXkhdCitt+PS2TEyisBdxjbqrTYt+yomXPZ1SGT3Qu+Tx4DgczcpGkSSUtMhQ9ozterjvcfhi5jViWNprPB4+eChYrt0frApfQypC3CRT2Qq9W93sNM84WslzWmCsZHPOzUyDDLRsOpjmjVE/u+09eJ+o6zQAT/0R5ertbJm+Wj4T/wDX/wD/2gAMAwAAARECEQAAEPPPPPPPPPPPPPPPPPPPPPPPPPPPPPPPPPPPPPPPPPPPPPPPPPPPPPPPPPPPPPPPPPPPPPPPPPPPPPPPPPPPPPPPPPPPPPPPPPPPPPPPPPPPPPPPPPPPPPPPPPPPPPPPPPPPPPPPPPPPPPPPPPPPPPPPPPPPPPPPPPPPPPPPLEQPuMNONAvEOPPPPPPPPPPPPPPPPPPPPPPPPPPPPPPPPPPPPPLq2e8oNXPPwAafPPPPPPPPPPPPPPPPPPPPPPPPPPPPPPPPPPPPPBe/EwNLfPy8CfPPPPPPPPPPPPPPPPPPPPPPPPPPPPPPPPPPPPPPPPPPPPPPHPPPPPPPPPPPPPPPPPPPPPPPPPPOPPNPPPPPOMOPPPPPPPPOPPPPPPPNPPPPPPPPPPNMPPPPPPPPPI17APOOPDV+8MNIOcPPNJNcOMOMKvvMPNONKgGIE63PPPPPPPPCNKxiMK9HV1CUASI/mfR/bX+IMbqjPy3b3U1PO0w5/PPPPPPPPIhaBD10CG/2JOBKGz5hxUVvB13JKv7q01+leAJp73fPPPPPPPPLDLHDDLLHDHLGHLDHDLLDPLHHHHPPDDLDDDDHPPLPPPPPPPPPPPPPPPPPPPPPPPPPPPPPPPPPPPPPPPPPPPPPPPPPPPPPPPPPPPPPPPPPPPPPPPPPPPPPPPPPPPPPPPPPPPPPPPPPPPPPPPPPPMMMMONPPNNPONPMMMMMMMMODjjggjjR193+/wD/AB5xwww48w002KAAEA088oU48t++AAAAAAASEscI4yAhNQ8MIAAwy+v3/vDTDTLW88088wE880rD/wCAAAAAAAPSoKAFFDC5UUFNfDDAAMIlvvnzy454HHPJHPLdf8y1wAAAAAADn8LOAABHOadfYjAUfPPBIIMksv17p/PPNPNHb34w33QAAAAAAMyr+OIAAICBBHjbcDTaR5d7HDBuIM9tNHEBf940z3zvgAAAAAGqPmzfMPDGFrOQIHqHcNO/EO8w7xAAP8bRe908w1+9wNAFDHHJqIqH37TGMYTmDXuuZxc7IwEJNwAMAECD++40z7+4BGwAAMnN/KvMoxb8qFMc/PynrVNsnh/AABLfAAAFLBxz393aFu8QwAAJVeoS8V6xVbHzF6dMiDYtKhEGagANzwAAAFPGH+w90fuy+ekLPzH+FNBbTvOUcvMmWSM0ZGO2ovJBCAAABJIAKExs/mlN7FOHoAMEAIr2F+EUXneaiNjSAsj4KIAozL0CAAEKIAODACAAAAADAAABAADPMaqL3FOon+LABvDVphNiaoTmJrgAAAAAIP8AvAgAABgQsb7Pzc84z7em7nquNcOGEQThygbkCsWd0HAgAAhzC/TSpva5vWjG1gmvRx5G0c3+S2WAOy0bZbliPOce+rpIV+elQ5nZieMk8PuKoBKes/8AM/Y6pDhpESqZmsRn4Fxr7p4ygbRRaggAQM7P9TZuvzeOWkUsLBLESHXN4sUckl90e2hZPDTTf70csrI1MEcc0888OOvbDDtId1789Bn5Jo28Emcz8Sv9Qy+/Pxzy8M8ooCnrj+JVMYgYpzuHwVwYE+wUj7M/3QG8VJ19VgjfOr/vqj2w4nTMVa58J1Y7jgchXUaKR6kDkEICf31p0y/RHQggAAAAAAkOOfHyGNYvoKpWV8dSHjnDHR67w6VtEaUeTmWt43AAAAAAAAAMAwwk8807OkAuASqRPKQW7OQdj1NaIhgzvquwKdo/AAAIAAAAAwEAAQww082O3kZVvTEd/duPmDIAuljkwe7obE/aQoAAsIIAAAAAAqMzx4c8P0r7sgbmiOGmdRqt6o3kHljm8uDmPAYoUuLqRoAAAAAQPiLRBxFWAaDwnFdaV5PzgSjw8+igUtcTFpkKYAeizIREAAAAAAQBT/bOC+x+Tl4w524DtscWJEfs0lXPfmV00wA6L7gbuFkAAAAAAAsU2c1jwgKqshazIiVXIm6I69K0baeoda+gaETMoYH0zsAAAAAM3HDjo2n2Mkixf/HQnmaj5M+c0hRl8LZQEkQRn7DFgqy+uAAAAkzzD+Ae8zP7cbZkazEmhpPB5R3rVM4bAA+S6oahESAKjTPAAAAAw8w0QskGw+gKGjiqQPJ50COGAHcfgvAEke4T1Pi1W+zqTiAAAAAQowsf9osW9MZaaWCejG/YIx3m547oAUysI287XKroo6ygAAAAAMc0QHzpuOPMM8ccccOPfs8f8Od8MMM89e8scc/tusMMMMMMMMMsO9M+8M8888888888888888888888888888888888888888888888888888888888888888888888888888888888888888888888888888888888888/z/y/0w00www884080w8wX7w0MT808888888888888888888887v0grrbZCHbC9DH7/XQ0scAU39Uwl8888888888888888888888MIqG4hR4HA8WjLDzBO/jAkEd9DB088888888888888888888888Mss8sOkfcs8v+P+ssfvMf8sMIUc888888888888888888888888888888888888888888888888s88888888888888888888888Qnf88888888888AE888888NU88U888888888888888888888865dvXIgnkHkEQ6D0rTT8T/cowAv8ANPPPPPPPPPPPPPPPPPPPPPPJ/QLvS4IS+1amTlq43N87V6AobLNPPPPPPPPPPPPPPPPPPPPPPI2BMVjwNO3KDIrMIIy3IwoNQnAIHPPPPPPPPPPPPPPPPPPPPPPPPPPPPMHPPPPPPPPPPPPPPPPPPPPPPPPPPPPPPPPPPPPPPPPPPPPPPPPPPPPPPPPPPPPPPPPPPPPPPPPPPPPPPPPPPPPPPPPPPPPPPPPPPPPPPPPPPPPPPPPPPPPPPPPPPPPPPPPPPPPPPPPPPPPPPPPPPPPPPPPPPPPPPPPPPPPPPPPPPPPPPPPPPPPPPP/EACcRAAMAAgIDAAEEAgMAAAAAAAABERAhIDEwQEFRUGBh8HCBkbHR/9oACAECEQE/EP8AE+tmzRRCnWh6PlwkWu/0mO4u9CUt0aRnZMW1L4NrPuPsJKx6PUfo20mjQqqGlasHaO7v0e2sPcDdpi2O3f378Kh2F28d5SSCagut8HYXbz3jc+uS8D/BpGe2NaPEuxpZqO7E3dnxL0NGGsEiZuH3sSksbtHYT2JIH3R2M37NG0Jw2L9F3s+YnuCQIboLIy1EiBtokMqvbNIGtIappKjrdfiXTPgz4DxskYwXY6jeDVM0QnZ0HQ7CX0b2G57UGGjbZ9JmrhIMF2zcLDvBLGN6NkhrKGUJaF0mNXoYXrbqL/Dr5AUpSlKUpSl8Tj12+af6UfgXfqd/VY74PvBL0O/qtzCj5PsuEhNDaY1xnvWQk5vCRBBphrK4QnJfEudwrGtCwuiEHl9iEhaKNjcLSYWehP0a4NiCeC2QJA+x9YTKPNB6FT8BsuExicS5d/ExcGiHQbOohIY2fS6EJEJrCR0EHoo0LQaEEoJ8GqJcu4y4QNqiShMaLvLE2NYZNFsRdiL4Lhoao0xBFRtWDU6K/pBYaFiePuJO5WSU8aCIQjGmVBYWWtnQ4zaFyni7+k1hDZRvCYnwfeJ+C8IRFRIo/EvgbaE83JQqNMQhCYebkuyl41obbI2NNCqYg/FpS8GmyMjNm8pwQ2IxVmgJXGisNSRmyNjcqQmWGoIJjERkZHhobQ2UpSsorKXKECQSCSGHrGBqyD4BsKsX5GkaDx1vm1RwWCfHvxCEJyTKLLsobMjEiCwQIQjQbM2RkRoq8KCYvGhCIiIiIiIiopcVmzZsjIyihQhvCaxGTJCE5NDQxS+ACiisrI2WWVnjPGIaKUommaMwhGbIyMjITm0dD2JiD3mWYjIkIIIQhCcJmEHBrD2hInoNDQmbZLIhrFKUpSjZeUJmYeC9JohYJicBSlKUpS4hCcKPEJiD0i0S9N4kKTN4tlEUpcQnCiZc2EvO3C8GQgy4hCYglhMzNLiUk7EqQSw0JyGg1PA8TNLvGsqUvBvClKilG8TL2JzLQbvFLL34YQmIdDrm6LmEzBLhRsuKNjd4xipBCkPxvDFCBOFJcIQehMtzcQg08IQcQ3eKQsNiEINeKZgsKXCE8lGQS47KUowzUXMZERYgxqecllIg0LCEITDFiDcGw2YhrguYSkJjZCUaj8bCY2fBs2RkZODYtjQlCYRDbxBcOhUiCBuYzjZeLd8SQcYphcTQhFw0aysEyjPgwtvZAuKpmg5lKiwRL6OfPLCEJlMiyiiyyyiiisTIsbuYuScGz41l81/eSVcLuDUVOgu5l6cedJ44UQr9wlabid9hOMWDaDS/wbusW2LTjNYZ9GPaJ1RrVE6qOKmPaH/AkVGlsJUi1w+DNWqUrEtMapn1/sW03cZa367VjG7j7C/Bq95KdI3FT4w6hKbqmkSzfY3YNKnR/fgtKejs/v0+v9jxj2bOnr0g994ez7cLQ1R7x0UhT5B7UxSD32XC0LXRD8P2U9CQnfJ+Q0c2tUXt9VSoxPiKbg5YhfDLHDRpCVNWIS9i3r6L+R1OM1h0Q4lWOpXGkh1K4ZTVYt9D/wDI/wAr2Oj+/RdPH/r/APT6NV0StC1mIibQ22jt/sY6P78Pg6oZaPglFBxKMdBl70Pz9pXUFq4Juj2TdG5sdBOYWhadJumzNjQX4NXWLqYWi6gnNYWh79571/jj/8QAKBEAAwACAgICAAYDAQAAAAAAAAERECEgMTBBQFFgYXCBsfBQcZHR/9oACAEBEQE/EP0n2ljxMaFJD1RbPyOjdu9HQtk/w19SJseGJBrUxthpL7F3b9Y7ENWkadHav/Da2xamQ4E6ozQKpnrPQnE8dgTprA2pF+PkU6/8/k6Lgza0jqN3EOLrg9MvWWswt8H0dHC59UW6ytITVPEuptA9HRDpo3sa1Rbabp0bqGh1Wh7aJBHQSIT2i6sXSx49HRMapD2I6aNrGtUbaPoXVjVNMmNsvR9CiZWj6Ni0UR7BtqbSFQaSi8S6GpJ2NkoWihvQ7x5UNRDfQ9BQ1eDVQ9B6hN0GqGsSHkaFsDaYob0NJH0ek0o+yYkat0WWzWxj9D20zRr8h1df6OwhCEIKnCEIQhCeSE+MvBPiF8ZeCb+IviovkqQo/OvipDTFrwpUZjIvYQUuaXwr4qKTws/RC2xC6K7Cf0Iay/EvhtJDalpcN0XgY5YzCCCG2FWHlE5Lzwg8P6QiatFTfgUgncZdYKhFBoxKuK5rj1xo+TH1goxSFRpmkVcHOyA0gtiYSKIsEozWh5peSNHA3oK5sZHoXQ+xqtcFhPNGJQ0LGj2h7cQtSAaoZltEtoTiMSS4Jj8qKsvFGy5fJYmKN1CRmyj5V6E2tMQ+IwTpjH4V8JZhMwnNDw3BI3ZQTibCR+BE8EIQhCEKkNUJBhMVlYhZ1g1iEw3BwNt9jBBDWCOx60+azCEIQnNoZa+2KBhtNCiwpMZJJEgl7wMvoEvsST6IEkuFNPDDs1ilwuUIThRsUNxuMG2KBkx10WJ1gKyJXY0jPWiNicRRUc1iota4ouKXN4waKGzypcSVCSRrFzYqU6K7CRKJJZnia4r4FZUVEEEkkEEYNW5jiOsUpcUvNPEITCwnHRUNBg0DQZQZoosbFZWKkuCDJoZayTNKaKjRSlzMrDwWyCGGHktxsxuUVhSlKyvFKbwwmViEqIDZfJeFOxIWhBbzUXMEiEIQSEsN8KXCKU9eH8KjGgg2uAhtghCEzcLREIyMR0UomU2EH8NiLREi8LwSw1ckRRMTG8zgOkNl4pH47w6YJjUaRopS4o2UXNzBKZL6DcweCqs6XH1oa1JL4pweIbZRUNMiGIQuJRCDIyEJilIJwex4oESULwnpD+xD2LfDcTCVE9hnUmXUKv0NENDeLhuYXMwmIK0FpOKloZUbQpdj6BLT8rxDNianXg0aDsQYWxp+jRbOiEGUTE1hsMRtkXCCFpDjKhIJF0hBstp+R9ldEvYiDWhPsaGzE+EEVjrvjog0JISMYF8DaXZ6kW7GxNlbK0JoqQyTotPGuxoIRSpocGEE0NClLwWxqYoh94CB0Xg3rNwTKzaxRjaJvI4QlIyEQkIhBobQkG0aJSIUDsVxX0fRzR2UPyCXoafRY29Cb2xL9k/ZP34+wJCCYwehsihsVlKbNmxSmJNPCW2J6F9CXfKOm3oY6Qr7wwNz0L6hO6R9ok/eH4akUpckDZy/VL4yjfjSIgSnNSxiT0LWWj7EjogS8kGrEiIII/FzcVGtUauHYTVytqrPdfHWw56w3tG5JCT5DVQ1OlG7X5lxJDcQlSaNqR6EJpOFbQy0Y9C6EKJz0L8x9kU2Q2mIkVPYjdaJFvRCwdX7fwNGjRaGol8dpQmqQlaHrEi0PoOdmkriPf8AcR7DzclcN02ysHqeqKw7v77Ghae2Hq/b+BKoLVDV/Hg3Ra6GqLR6glB72UWuibuGhOELui06sJQotaRBj26x77G6ap/gotjccGo/JoOzmtwNT5T6NbCKht1miok5WegTVN1RuKkaVY0ag9b9DT7Qo1Ubps9xVoiG5hVshuZ26IenGL69HcT+R3f99D7R7HT/AL/8H0JxQbYSCHJsr7CSM6nod399nd/fZ7iPYuxuuiUxy+8bQL6OsfT5CUdHufkfcPagtF1BK6DVjVUP9mzZ9hdQ0Q0Q7ITdQnHcSOicaaGLTo1XcfYNPnLW1+nH/8QALhABAAICAgECBgIDAQEBAQEBAQARITFBUWEQcSCBkaHw8TCxQMHRUGDhkIBw/9oACAEAAAE/EP8A+PT1y6xfMTZA1Gl4b9NTdZFDFwHMGg0vDcNH8tdg7C0ughUSeDPZf/kfuU/A9wn5Hqfle4aIRGF53tkLIGkCHdcSh/p9LhqBWFYGxIuglMFjTzKiv9oS4LQZEFSlQF2JqyICsAWxuIW2CjWJftUsOH0XFAu0bcylJZtOStQqkLgIbzAUDaKAlTAC6PYtxiycAXycyiob8P0nH/xn3KCNKKaGmfkH+o4MYWtudT8r3NyhfyICBN/QtBKL+tWzoIskCFk7H2lWQEWb8fJlxQqxUdg+cz6KTm2T+5kAsCF8ody0dPvUZlEHuYI+LaV8DbDQoAD0fcK2aK9y0m92EovUAvxMM84iYUb3L7EZ44k6F8Rn26ODLTw1A0qSuHcjFEsBHs/+L+5RhA9bUs/QP+R1UJGrD2n5XuY2FA+1yuTKz9T0e2qsPaoE9v3BHD5X6gfc+8AIM0ef/wARhrBB4tP2GXBg18bGDhssDwBfukNlbVWP0ev4nufe/wBH0/1oABF6lr91yhSzG+qgC6gH1jT3XfR/8X9y/sn4HuE/J9T8v3BWFZfvZA0wLWMrJBMHhaLIj1DHGXaPXdRltFE3WVlGhC73j+pjCHJ5KYyXAF7YP9yo/R/wxKB7tbsU/wC/tKSDFjjj1rYuRRwMs6KLC6JVwmX0ShS7XW4V1dDphIIdOuC7L4Y0gVpKlW1oLjxALVou1fATG6AewV/8WDt9pYPmEyOrgHiz0coCGYFITaquAeLJUfVVtPa40wqINAyeYRg5RbnTpXtBoAGwEAKyJTKlA1At00RzTywQBxmUK+Hu2ka8QLYRua5rEM6g+0Hrfx8/DLSsVATgb/1LEhe3E3ZgJfqt9QBM6MacRxd/6hemrTj2rKMYDVVR0cH/APl+/hv+a5cRpLpBAFiI6R/9m/8AEVjwFyl0VtAxtgPBXU4NePU+sUqpS1cukAMIiZIfw8zVS909o5Xad8vn6OTjXppq1eWXoQqUIav5zE0p3HmBRxklh5zREWBl3RLaeT4ldGVTVKr+RHElsYJyfxtqyGUoHcOXQMRvj+XAfaFH7KAA8E8rxWUK/wA98QStT1qCJMBpH4QXjQ9w3u/aFLXqkr90iSHh1BnshlhCDYn+GykNlB5McQAQIsvBimEYuwA+bFjUZL911rzCN6yRh5n5Ds9EiQKFsPAzDk50BnupiGcuwE+ZL0OHoO1mUnqGg5qBrhpJ90GozsSh3sh3HvqQoA2sEpAYbOaljgqw5NXETFRQPWI2qqJyeXgs2E5b2Ll7zUrEbL5qOB81EC9XFUMhhTunmPBimHzK9KbNVjkyQo9Wth2PqQQM4B2Cz4ST1Yq42S5fcSyalxGSXuh0ruO2h4ud0zXmPHyukeRhvBumB7s//NrGRUGIgJWvSly7n5rqfZv7hwQuoHligMpgng9L8Fg2YnwzHODoFvdSiGoSwEPeEiW0oO1lDYhUHdEpRhpb3BpHgHeBcORZT12e0/N9pdS1VvG0MsIvqLB6tKgAUIliafRWKoOBvsZJcWNfVgVAaDarE8MuLnVBFF+GYHlMKUe7WCKhKgY+0Dga0aAl9AqRVeJS+Eya+VplojXY3JTyTOlPIC7IeG0pVaYIIKLE5mGvoSryWqVRqr+4CVCgtaLEhFWCNhzcJAyWwxgr9q7xHFLWW1Eh9q/xPzfc/OdRiRUrjlX9RyxtPHy1B8cyWpocPvPyHZFcl+fheflF0JsVpeViouOvQZrLb4inYVuBYAcMz6GR6RWto2TzA4XGcszfz8wYc8poUXISjWKn6xF4LZqu7JZrAXi76ogwT3VAqvTBL2c0KtxsorJ13BLjC0XfWIxA93bf/ahWqLtxyItFP9oLgoJ3mywf1OxfeHPqQt6AaV4jx0b/ALLq5lSVLq+14ZjQMHVmoxYpV9ijDIAPorQ/5D4DYUBt94wQrmGNK78QRKDKXZyVA1XKNFOHphChs2tVd1/ufmuoCgAVXjMYaHU4OfY4ihnglPv/ANRqgMp9/wAkbde3XJ35XMq/l0k5Mty6GKnD6TqfY/6Sx19JYO/dEpcWZy38/MCJxbCTFbwD7B+/ps9pgn42xQQAUYKPY8R3UFtY9jAICUtvo+UVJeB2O088EzoS72T/AGwIx2MJ3Vtks7PYujOOhmCyae60+UHm90ftf/sMT9u07GW4W8Gxku1djPy/TGsArF0pVxRUQULdpAxjwilZSRX0ltLGoT2cFsH5RjwSakVlPpGvJPtvrluKQO1yXs25iyRnt26gohKrwR+VkVy+7xLE1gNqrolTVX5mX7v+J+b7iE7UQjlW4+8CECwDxEoTFOQRsn4TsjrmFTzLBQtlsDjEr8GWeUf9fAc9JzLk98Q34ILHMAAAoNEouFUo5qNbG6p+s/N9z7//AH9UfhO0/Pdz8T0wbLS/Miqv7+pRAx85/C5hjDaYxr718BC7hcC6ez0NwLwHF5l6rxvYU/NdodapXKyrNZJPozK2E/WEoAwPYgsC7XV4ZfZVE6qfmuohBNwjf9w21qZ//gQAAAKA1UU7lIeViVMk2yjBj3ljo3nRKmaS3AeZfLvJ9SJIJsLGVUK0AVXaRLY3Qfd6bPafm+0CgWootFwOA53iJovGn6xxrNHV2sGSWE2/SLBgg2BgdwNIOLzLxPnYIoMHZB7GYgJCFgZ+d6T8v0wc7DOxS4VMURgAn20/M9p+f6jGAK7QcfOX/dpBV+5yQhbCI5PL/wAQMAFrEmTqv+tjBADsC1BKorYPY4/xfzfcFDQ2FqAwfogZ4hIgcx9jedhqqd+Z+U7JfERfS5IlqIIbTYWfkn+ogukUFjo9Nfh+/T831PwncbwT94N2aaobqViJBNun0x+E7T893PxXT6K6FlVgO5tUlvKxitt/5c39PgKOJM3hefMZBNYFDx5mEkBTwXiLYSi8OX+5+a7T8f1FFyj+6MQXljYrJ9oAszh01kYMIr10av5y0uxfDQH9z811CaWe0iy2pby9w+5p8kAbQrHPD/ow57Nvo7i15BwcCkLzpqfkn+oHeQSF10T7H/Sfa/T851PzHb02e0/N9p+P6z831PxPmaeEPIyfRJnxEMsZq+pUWl+HUfO7C9xjMQ0Vzyhj+4yNgMOctc1KgqLMNVzPyvSfmemfguk+yma9omOJ/fKlFAy4ZuCLVRUV5a0eYuE40HspJdhGa3xuN0UF+BBT63MYFm60FMxffnGy+M1VXBuk1/ioPp3SL5YJ4HDYIReBAZDDSdwQ5rDgvW9S8U4XhvKtXV0RxDopWqYwxgFWBt8JG3PvIavF7XBhAKAqD6yoe4Fv6C2/eE2TQ1b1H3gRQHs+ilBQjIeWBUoBOT4iGBhYHe3EtSimwfJMMNnviVbTiLaUALH3YDFOtuyrV/OV+jIUvmkzS7wU0ZcelIjNLWtn0huIJHKsDwBmuWsv1v1vXGVDgnPuQidwh9hUte8bM5kb2TEc8gPkxXB3cAAAFAcR7NV7RbNsN4CxukIwcWtpPKNW8jGcJlUPvgwmvttG+VHL6SwR2grt+DolksqZUm8xZQF7Kvwy4p1eLebdP+iM2gL0r2OdVBOQB2uFIZR22bcdhg1GhwMX9xForrXTgL+8KDQq1aI1LJD6KD2fRILiYvHlhlGM95N1j0yGLYpzaLZtgiAQjiwDLSnQgRZ5ZSigFKa9mOiRWLf+PZEQN2cnhKw+kQLnwg3w21GgaBV0zi8TigkA6PhhUz5dY7IBdCrDOgrPnFCQW8dt9SlxtPBaRuzk1gOXcNA6PQqxPmkxyPiFUti8vdcEDCOxorRL7jqALD+c6heqlqJ2t5Rwki2MvtlEub+0hppliZN8K8xmbGnyH/h1/DgvvKch3HyC79Fa+/8A9G2mhEwhyHyQHV9f/wC0/wBHn6PP0efo8/R5+jz9Hn6PP0efo8/R5+jz9Hn6PP0efo8/R5+jz9Hn6PP0efo8/R5+jz9Hn6PP0efo8/R5+jz9Hn6PP0efo8/R5+jz9Hn6PP0efo8/R5+jz9Hn6PP0efo8/R5+jz9Hn6vP1efq8/V5+rz9Xn6vP0eXf88/SpX/AM8/R5+jz9Hn6PP0efo8/R5+jz9Hn6PP0efo8/R5+jz9Hn6PP0efo8/R5+jz9Hn6PP0efo8/R5+jz9Hn6PP0efo8/R5+jz9Hn6PP0efo8/R5+jz9Xn6//jhKlTH+JlAQA4gHVSiUlEo6lHUolERFT8CGC4INBhXAXKSjqUlEpKJSUlJR1KJSUSi5RKJRKJRKlSiVKJUxKPTEolEx1KlEqVKhL31Pyv8AxKlf45CK6nj0rzD1Jfqx76ZmrNSnhepj1ySpXiV618delej6vrV+lZ9H0PSvTdfU2f8AmWQxAua9D0H159LjHVSzmKG/BqbmvE+XwntNx9/SsziHxX/B8vRPgPg4n9EGXH+Vz6P+BrKlXK9D0zPm+h6ajqf3KmdwclTD0fSvWsSvWmHoelR1DXrXpuV8DL9X0z8GzWoLXP8AgV/Azc1L/wALxNQJXpv4H4P7lCeYvlsMhHE1K9eJ834D1Ph5m/Sr+MnHqbniVj0ILXtGx/xcel+nP+CEV4lJElX8GvX3+DcSUKKYMHpXrUfifTn05lfDv4D4r+JUnxFa/k7/AIRjNvq/4BVnHnqA1LRUM8QUlkD5Q9biwJfxMVL2mZeIHwu9+PMLUWnAuCCqE6X8Knv669H0d+lefRlR95zH138TLleqpe0yP8vMfgr0r036Ho/zm4H/AMW3HRqDqqog3KhxU3UFXg9vSDj+Kp3FTlh+IMej6ODxDO0MPoyqBd518pc+WYiBQ3Rk+cvV5Zv0VNfBv0WX6CMTn016czmV6rL9LxLhN2OIMuPhd/xMr4K9K+B/nJ8tcjqEQzIrBPbxwYs23CoKbJi9HPpxOPgPXbH9KcpxNSqigL+fVxK5sPGqLNqBvdsNd71AgHdKcUrY4istjD/1HGxEcnU/qblenHpl8I+BdTcq/wCE43qCz/APiuHxcdzUv0I/4CrhFmsQTzKA42hocJUTWUoZH39KjOPSmV8GDi+h6r545ljj2VQgRgrtKgCTrHUul33hq7zZQS/vlEoVgGLlJpRCIaF8qb19/V9Ri4wj6DBlxhtF6XFv42fyxZY/g+XxPwV61Lj6v8tenuVDEZaS9S058weA5mZ6faL6LmfQPTJ6Tz9pylS4tlHHRG7PBOD4idY9u4XevK1HVQIAAYDBVLsYDmZwvfEbEp7gXAzg8zIk8hy7mrvjYyrj6rHofCPqNS7jj4yOpDb/AD1K9K+B+BP4qlQGWYX2S0xVkWXi+XmL0GqemYfIgvtE3lwcxdQoyz4NQngi+hNLhSWQJWkhtZY+cMZckPatCeJFGo/mRtfEU8kzbvHEyLd+JwOY+yrKXhiMomRYmKPMqalRfCQQXK/jIsIm3w366h6bnFSpUr0Jr4H4L+OvQINjqEGtIS5qiPIHklS0KoFqGTKezKIOhnH0wIYVEwly8Spl8Dn0UPLzDiXisXvTAqe5feXIBimglXgDwRCgTNrcIsKii0rxF24YdwnvPE08DwwHJSkeYWbJZcph7QhCbfE0qP8AINcdvrfrua9dyr9Sa+N+OoqxYRd6iVNzBEygQNoIesLMqFy8C20TDFY7lRyCBAU5CJ4jiLSUT4jW4lyqEqXqVmJ69zdHkqF6YCsusd+Z5jAN6j8t1SwxZS2UlQC+mNuSOqqKvfzKjhR3Oej4gMae2DLW+eo5u83V+IpbRuUtjpOJctyz/UHOYpUefiWfQxU+h/h0RZfWvjPgr4CX6P8AAPc5YncWLlHooHSLGpeW1gAo1CUuiVvEVKlkd4IkxVxhyx1DkmyYolQfSZlelTuYt5TiuXqGJydI+SZa1SgYD2in32kZ4CY5D5Bl0gGmCUrnnM3NXiLELXEUbVxUMvB5GcYlIpLeIha8g3AIOxGBe4tdr9yKwJgR7l4+Pb1LPo/wOZpiy+h368etehH4blw5m2BHG5t8a7hISPiDSQYv0VRhZqe+TQvEAFNSyRcS6+W8mFmxtIirUdUx0eY5Eceg8wjQlsNTmJK19TzDaGwdPaFBFOdTGI8/8mcDueVwetPggAEqyhc1MQqio1S+zmXSC6OZusdDqAixcvcxeodljz1PIOZQt+UzzzpGcVdwlwPvvMrf9Rx8QwKjG/8AHpmyVVLpieu/griBi+DcqubmtSpVOb9KlYXcoq5+VMJRT8461iPxqmYKlirlA8xsC2VkrVdQBBhEhuoLmSA9q2KzGKg8BMqkLiAJ8MqMxusaYBWA+85jPjMscS73CUvtHUIcfaUcgvzEyXftAzBZeB2sYwzOcP8AiOLTQzDxmUq9jqZ4dAxKcLnCYudGo68cEBuxxVNiAbCjXcQcCiq+BEG2SLQ4HcWi2yCKmzMVuUuoptaXh0x4Q+iM2+O5b/JqjdzCx6sXRBS+4lNSpr04hA0q7xjbHUN4M9WlnVR5h1HMZwEJ3MfQcxXIPiVZ88zEAqg4OY/bP+zxUDVt5R1K6jpuvmb0b+8JLGlIK9AviUWrHfpcW6jlJp1FUKQxjs9CojXMrDMVa8Swso5gyK0MqODiFQyQyXLREeAcJUtdi/hHEbSw7dxXMfwHcpUDPRvxDX1U2niGtpQx5CZ48paVyGlwCBaeCEKzswKRYY0wyZ2bwe0F4Dd9rqN469s+BlxuGufkmcL+w+8ECcV4HTMTrwuKKycupq8diF9pNmCOOl4gmgcsO7kitgzziO67l6/UdTkF2WUKNPvHdvDj+Y94sBRL1iPwaYsomfB4Tol4orbhGE1LzNwK6d1BTEMGej2hsQ0uHb5jjCB0kduYlvupDt8ombzbd9y4mBdraMGIF2le4yAC3aPEaJlt+RKmt8B4hf0ZVZGbenVmCg1pPRrKlfeIjEIywxZGDU09DBABBKgGUOOCR55RFqs5hnGmNNT2RZfQAYXcdssC47I44gHUjMGuenomETh7fEdLLisDzLmx/m/OApUOyL17TgHOIeIGIDi5rzOaiMVSseVlQrXM8o4wnl7cSYLN/wAYSLXXR0VBCBa6iIE8+v8A7HqQ0mF8dk/sx0KcSLomKBfImPI8oqK5wHreJ9GcegRqSaDmFESPi9TwMJVBDTzK/kJroZHIhoM18LTKWglA1BmVNIIJp6XNEKryxkRLDxFIwpqKAF3GyLXbSy4IbIZS0dR9BKzcWuyXLlqqLfwKmKIMIC8wikxBXMUOpalt4hrsjATMWFEoBQUCzDEA+Cx1DS4jd+RKFpr09GupeQCgF17RgzynbLQlAxLqXLhSZuJsTIZV2nXtAhowf0OZTT4ge4p7F9w9oNrdyzZHwrcckJ5fAIUALxn4A+ooarkLs89xVrL2MXgx4SuFat1Ae6VylB52l8V4SiV/DUIpTsh9c48Efg0TZmhFZfobehfWhlotlvxXf+A5lG1gllM1DJnf6TvdMqjZYwOntIH2iA5fEvChiJZg03MjcT6MKMKcg6dxAwGA4I+uKjoRc5TXUsQU5GYRrIdvhhqF+EPnzGrqcZ4nniJ3CjkqPwZBVc+cJ63QRG9ZUogasj3BlLcFBcBFk8KmQUDwRZCDsiLA8LDLADvH9ozBHPs/5E/hGpeOvPw6Ysv/ABG8QRZvUZR2+plzcft6WJeephBMw6ehhxGn8G00+gp7Q0hGoWkI03/qWyLfY95kBgEMXuFQrPgJXmKunKDcoSPde4Fc1HaAlWG8hY5uDoKltpGYCUBnSKrbk2hdCsSRDRQXB1/gQlpX/hDUMiWIreWkCJnMtZe8+imaZQFYYdLgMV9F0ofj2mj1uJySFRLcU6g3I7dHEYqnqU8S1V+ePohO8M8sKwk3jJHBV1qWFo8TlMqjy4lm0zXB6cdnc9iqG448w8x7RpYiJseJX8uuUtuJAietfxVBMWRR/DTLTyId6C8ppn6Nr3INKlA5uBMqVnnC2Mq5wow1XCvf7Qq5zdURqR1NosPTwwLF8EWR6os4luo51PmJaWlMBIW9S5F7CATu9KgJZ0C5WA3J3hm3ohVQ1SmoUjfaTnzGQgcq8CKlMtRhpZjtkF3o0YLz1cSAfSXYtnuElnD6+IIAWeGHCXUjxGV/HrqCyLKhElRJX8I1Kplxcs4gOJY4lPUp6lPU8EQ69ARK9fbFyncNdvQE5IoZId1KcKgepygZvaDqA0EB2gM0iDREBhKSYmb4lcgviHxqUuUPMLsY5jMRLxKHEPDglOYK1CqzXox4mDmFLBiX5ZSDBqhpI7iUtLKQrrFfzmW96WYgU+rlCaj2RYu84MR0CNY8pY0Bk6ZYbyxXMHMbMUKoTQV+8SL3AcWgirrzELQsH2Mdc6tbj7/Hn1qOhEWm+IY9azEgRH4wuWgoKq4hUq8zPEpD1nzPEJ1PAg8Ye5GQyQ/D0pHxmXomltMZY9zdJIT2wsRY1EJcTNwJgam1JCgFUUNnuYBuEwMcxRHlKM3lObzkMDIsk0h3zHRCtgkASwwMp2MU0JgGSCyqqUiqeQA+RgZSSQoBU9oURJ84IZlinGSxhil5qgd5bhIlqPYSnXTqY14hb9REYlULVwEqLTS4BVytAfv+GLydSJDDy6gWAgQxuCsrGFEohwiy9F3Kg1DLiWZeL9BlVSvSoqjlLQZLstCvct59A6meJhx3CjTBdxGliu43lj5GBbQhuCXvHOUyyZpGBzXENQCKpS2Dt0gDoILiH4JmrHVgukERlY0lMTrEuLonjTxPpCnRnjQjSHKMS+AhwjrWGXjNeYRIfWJ0Z9oYIW/WZo1wviCybqdEV6cGqMRPKusQTYfLh12X4JShSJ8mZXe3lIr3wpheIrKnIk0y5c4jiceo1zBSo2yvUOVvMpWOeo3pDf8ARiuMZGDItsuXqFJZlvReIoLL0uWgwu/UVjn6UvBHxievT7Z4XL3qb6gr0wfUFAmFeIzxLXM6HoAWP0UBAP8A8Tqvp6EHiE4xDpuYAKZUzgvVxGMmHDSwoblu4opcutuobNLU5lS5AJHYIgdyrmVOZfO5YZyiwo5YrZpvBBhRXtuCp1Q1cqrDyzFzXyiMGTNLL22vujZQHvKWD/aLoB3D7SRdtJMCI0alUCKSCLAdjAdKK/BsZj3ch7koPf4L+AFYgmfbS9qLlA951qOq6DxGwlV0aw0hKeTqP8K2SmDYrAiQATBARRfQl1CKdQtATwIHoHf0VzgllD0o+vSEbHEPqIY79WkGUMUcxycxpkJnIJctYlFuGBkRZfyT5wGrS1OWGxYJ1wzUxdzKcQWQUUrh9ZdYsNWICLZZyRtlKOnzluFN5T2RDpmgwRBgO9qwjAX1KsWQiLwriDfaRhaR6i8QIAj5I6Wg8SpKC2G5m8u0r6wagZD64YS/Yv3RsyDphK+JU3NgwLmJ5iLNx7B1CqZ4YKIY+pj/AAa5s9OoPEq3E7JnPfC2JjD0GDy9W8tPNBQcRI13LJ7ktL4lp74YqgKgnMHuBcyjmC5J3MrekNwhl5l0vwpLZN3FQNsfqtMsTKxTolzdxS8ADxB8x4lnIJgrYryggBXAWwcl1cB4hiItplneur7Qa08p5LzDM6drBKS3xMfB8zcMfEpc2xQ2IoVmo9zLeZcuXLgyzmXitJWJUqVKlS35S4MFGtWSnFwQyZlsijHhhgotfwaJS30lWCnwC3cy5loSW5gJcuYhiFQGoCB8QCAQKEgoQA5gQhOBPfLdzhRTlj+WPKTyopyiOUXynZTbtlrbLdQXmNkfSzLSniW3L9RYCKPB3D4FMxdvRBDo8HMTYYDgQ7XEIofAyzQeTNiHomowTlIrtGVKZUUjKiUyvSmZ9MSz+B8R9jGp3zKf7PEALl0RP4MhbL9Lly5fpcuW+paefoFLXKieaeaeaeaHdPNPNCrmeaW8zyT3JfzLbtgLue8y7L+ZZgumWSzxfpF1FVqX6hgMzlEV0xWhnaQblDiGKtMK5DXoPaJOLweV14TjZ5R9ebS9zP8AmGpaveJKkZOblvDKV9RU5zMelksl09aYXOO4hH0z6X8SDcXjEymdx8xiQg57mxZV6KlSpUJri5fiqVK/gzKlSpUylfWaSpUtBHEH4YjiKhXEC4l+oniM4nggnEXqd5AnEIA8wHcVQjWUpccmDoR4SYoQYo6DYyk8i2gdwlerYIQGjXumwrTpKGN5zsYLQPPmNeIw4liXl4xaW7lvcv1zMzMuZ+GvSpXqNYifKUVM0WxHJqCZgGfeH3looKhKlZmqLlzLS0t6Ly8vLy0tLy/UtL+kc9sF1LHE5wswvpNOpV5nygkN2TpQjZN5ANGdASjiEHiQOAj0YUJg6ILgj1keolHUp4hojKoQrQZW8xfLFvZ8IEoAo+CGZzNxL4Nlvll3bxxFphaCbGeSL5jPZLOfUTJu54Ge9KOGeCU6lepbqX8T3E+SMVn0qZ+Mx6A3Ll3UbtVMkFCVzAC0uI0lSykprUfaaJS0tF4EwQFXoBASEBbHtodc8yWReOEppJ2Yx9jD7IAc5kQHygeH0laj7IEI9szZliJIB1E6SukcIGJ1HwiRglw3lVgRmYXSaJnYZ3GAvLKj5sey1M2OMZezsN7UthtCd3GEzqPDHeDe/QXcrErhCaOY+M9k9pPaS3gnknmnk9DzR7p5GW9vpdS0tKdTDKJQypWJmBbArLTSr5S14GU+85mUJsZWACy5kICUClIlBRgKpXcrjZgfUgZUGKCQgogFagHEpCNSzcXMcz0wBwQyKnEEQGCe2WeJjKwB1PDFTBH643mJdei0q+IeKVMuYF4lSUmCAjYojwSnCUVcPgjJwgqGhRuWeUBVeYKGGEdS5wLFp4ls4IPwSrcajjFMURXRGSnn/CublS5h6LS5c24QjAPJHkjxLM3EDPiLleoyLG+FuIjCkOY2UWM6DcEJmHjB6geoCADUD1C0I4iO4XJ6cGagOCAcEqQVK8RFYXICFEBOSPOIdxBmKqxH0RYVEKwESxOxjvcwMoYuXGXN4jHvJCrqBRN7zFiCUUGIvqHgyXXZMvcw8Mtg9wolKZYqTwRy5/yLfSvjuLpCDRM9y18hnWLMIZYFFTSQZZNLeYFcHwgDiLCuIvMCofU6BAdShwQKriDU+qLgrLx6BDn0mFTDmbSnmUqjeJ6Jet3HTCPhOclLzAnNwa3CEtList7lluWSlCiU6jmII7Sy9wWkt6nKGH1BtJbajh2S2GPKAaujqZq3cf8AHPW/4Vn2sUuUOPeVg2EAG8QKwyFBVky8TeUq4DiCQ8UBAShzHHMaEsktje4wYcNxXcV7gWzBCDNwq3BF7lEXZZm4MwkrIqsGcBB+JbaVUSVIBmFxQ3BLCxuFObhl6Ew6jliKcSw6iePSsxAtjyAzBMgNL7xFWkdMuQCwyjs/zib+B9BSPyq3FX2WRoDzLMh1GSyiyusEEzfEWD2ntQK3UucR0TaOe5jM2YhE3uUcXKm4nhj5yoXZPdGXSxJbZQhCswcnRLip86KcVHHUbGonU3i+sQGEsDhUsbmTiVHiVhkoEAzXELJlbSL3gJT0aS6VUpd1OrgeZaCb1MA22/8Aj1TiExlCpuSggASHtFJYRcgtYlGcNmajKkvJiG4Dk5lCxjgNwa3EjceowMZvEKhQwN5lnFwWGYu5aZKmPlBvMThTmLETLUAtwjbwZiTmVN1EnIRV1F2jo3CsulHcHGVILPLUocwF7lnMQcyjzAOY9WbSmUGzE4C2RTgWYl/ZjXf+O/zkdU7VMqmrjea0Vkp1Nw2uLMDSiBghur9ZbItLF3NkKTCsblUqAFyzQfOISLsQiOYrlZS1cTIGIrmVXL4MbamTuoQF5YEUQ8EqT60KS/AxWBLZe5jz24iyyWYA1AGeZiEKMoqdEpLmLS2BrtABiPJiiOAYFzdQnMFNY58QFigrNug7jKZD2QcB94oY/ESs7lbcx1/MSvhqVK+fpXwkaAU3FwJAYWUmINRsA0jt97JYjEbQRCo5l706GWFnCZBXLsCI82QxW5ZSHRvOcMUME7iMSnNS6xtWhoYMS0T8J0UjuDE6jrUy2YjLeJmqJsqKCa4l9ETmo8EKIQRdOS6Zg3FDUUOY4opCmLdRmzADvECaloCeATrYnwdEMGjXMazzFm/iIxJ9A7iWyjr3hWYu+p/Pcq5UqC5bd8LZBNqFpphihGqdzIFd1ErH9/CbiD7il5bmLglqxVzQTOEzDMEBe413xKjeIni4YgTNVRFjUr+0KMxTKuNa1Chwaj0zLRHdyjvJKFVADSVGkR0lAaxehA2olHW+4HIQGiZSxqWv0UGGog2fWPRZS4hk3G9ohaYDcBvcXhc98MFuMxAnFRAqeKXGoIX8kJ+cKkJ82W1eZc0OCL6a+HHvBblUBywkpbBNf+zk2vPcOMHa78RaLaTh/nGoUkSYPkiV3ejFyLWx1CAQ5L1K8/OhLW5fZuA2dlxy0uk9TcIRpSHnMKIzvEcYWskmQYHDRUto3sRCAO8QEO/RRW8wurvUuyEYXTC5TlDOEU1UDpSGcyxtjYwzE5Y7Chua4MncG7qIcmZrkYE0XFDzABl9Je5IoBcuhhMNDdu1+iVAsqGkVORiHdKi+o4CHDBegRfUqbJxicJRDcEtaM6igyVCZBU3LuMYfaf6nuTqOc+gYuPrXpYmG7qjmDQcqGnbMiLLd8xs1uGdGq09MdlMJ8xk4f5yDc16W858xtecPcRA3MgUoROHiWjwA4ZgE8gpiO13sk3wmKVrutp0twy+niLpZCtRHkhBh67pbioWkPiDAZkwCSgyIM1SCLIqCLVJKuolQxKc7ituIHlgQMoVuMHJAaSIFx6Qbir0jWAVC3qKGKm+pToltyTwEroi/CKYRFuAjOFtyq2QAZXEQAQrkl1wkF3FVjfEycK5him1NbZgzlDAe0FQVEos0fKLEAtPL1DYcAnEsspdjiLD4hab+U63UPux7LdMiydKiRdjAKqxReTmX0W3F7R57/wCkA+lnEN3XwykRmKKhnX96MbVWE2S5oh7MCpZ5ZRSmBPrO2AT5KxGu4DEF2sWdEDuX4JzYXwgXekdMq9Rm7H0g0FuU4pmAmlzCOfEoF5IApyztZRaylxtKiJdTmWlAuSHOZ7mPhJe4LVInQhshdMm5YinJGPd6B1lVtgKXcMSSxjbia6gXgupYiiqMFN/QgmXSDXRiagWwVIhs5RFkAZoJIlFp29EF0pKxzly6iwLi/CGINEobTfm+JmsaqqwEOcv6ntmYGLTYqEH0FnRCpCdLYV9TuP+CQ1LgsDKXYwpoowZr1VWmAG2Cc/LLEAUJviDhywrhDnnxK6wWCsJeynMSwQEFs7eoKkzm1bXHAtccgk8x0w97wigBce4CgppIotirbTdHCXOKmHUdueYei50wAUBi1hVxJbggmTCLaCK0WRLV5mLzKbM3GhWiZwtYpYExoLEPFTBi5VKNQ4c3KbGYGBLwYQbLVQSkErx3AWZUQEmLSWXKYBGXRLhhpuHUFDArcTxFfBHwetSpUKKyUNvMolVGjrxCCsMbYBbMArixZ72OEjS/lFcSZO4TUdh4jQQ+U16Y2BVIxP8Stb1KsneuZUqD2ijC+V4g2wVRyw2P5gWKLLYFpHcRasEw7/LuKAw1zHYzyQyRGGZxGwtQIX4uvaLUS9xXiLkKG6QWEEOKMWrUQDJ7RRG3bLwQeZ54BIrI17zPN2QANYgoW9oAOLwxKAV4jUwYToWTiZA+Cm5ZJeMNijMipQxUATeeog3uOgLn2xMYuOtDMs1mXbIHyzXWeJxQ9XC6ldeY6UEyhy4rzLJMhQuaLHczDHS7PMZe+0gb+UFGXMWaC/MbDXt8J3KtXy212+IAeEDEJi02kGF3m45sNpDZWuoDA3DKC9Bcygk0JuVdGwxUMR2EcyyoHo07lxQlYR2Mr/AqMMwQq9lKTEGhvE83VNrpiQMMo8JtYdgDVceUILOOt4mIWOXiHSnhTOJu2xPm/ODIHRABSmLy0XC5p3fc0R5BNwgwTqVTXKFWGklKVq4gkDQ0QkIO0omFsSwkhgvE6CmEDbiBaMmKhmqmKFxN75o3WQ6bliAYiF1FFDDyGVfaXXdGIaAihsPe4EwH5zMxhEjSWxb9pnVB4gCqWRXhXMwdNt0yywVxLIgeSwTZ84unZlgyxKNFEplg8jjaXB0OiL6G2Un1mPrUCHUBLfflLBS+1CnDiokUGUHtCOwKLqAXO5xqAg7csFLoC4jXCFvcKV3NtRgbOFbZUNXXUpNBkW/JHbNVHD/ADEq5U1KW8j2ROLatcVMApuSZmHMQSF0ggwoQAt3FfZAfaWJoXFceZemBkViCIWyX2R2BVm2MG3AZVbxfBAOQxC3g8XFag8S1EBhE8wxJrxE5obxCbDZAVY415ihJbjJTYLhZsjzLm4KiCxS2BiDOballeN51DQBlzDF1a1olJSXkcRDIOk1HtBmtF+pXala/wApM/S+Yksp1c0xcZgChXvH3nqIZWpgY6RzmOWOMVjUN+dtrMsbwErBAM3hRDdeTEG0MO0lpbb1Enyy0+SP5QU4RFu4+gpL+AIeMckMzfV5sbqZQQeJguhqniGXcO4VUW1HGA80stFHZSBACN3qJ5Sc53EpYBeGCJ2o95GBSraGLipT3pRcB5p34lW1vme/aP8ALUqDUW5U3AhcFNkWXFBRz4qWZ+jK+c2r2KbuXBMmb1GD73a8EQlbXazczzLrUzqmpQVfeKhFXCIyFDZLr4eyFB9cjbk7VFSBVoolRQXogCmLiLIvmJ7AhWRRmCCHNfaDGBLYFOoSNg1iXQu224KXReHD4g2BSqG5kV86UQofaMv9YgbKVqN93UDsuxgtOSXcdomzAiqSyyiaiEAITZ3AU5eooX+YrP1Q0HiFcpuLarMEPg3TIQ3g0E3+AYGDrLu39YubVwweYrutXiX8VfKG2KaAMsBl7ZPLMUFGABgIgeYeYOxxHx4tOpeBdqCcB4NxVWDbcWUAm7jBa7DqFSGQnF+YKcFKZfaZsaHmLmIbA37Swx0YZg0fIjLMIQVLksGvGOo/xjOIefS4npnuH1mjVtqFXDplNw4lcRVTbXZjl/tnMtSiN3qFPIzzNlUQtS+NJmF0ch7QTIfHUb6GCCSmDkPpAJdPQYmbT4XqWJEWG9ygRFxOMsE0YuXJdfJFtkvbMr6Ec0wgDQ8dxMQWdQDBDbTVJG3E1Bk2EKvMN8iUHmIO2DWhnDYnMlw9IEgk+TGlBaWqmAtFCmABUsA0eyZkW5i4IXlhGgjqG+uaAl3u6F+tPElqPrBXJvSt3GppwxbK+GoGJcwrwIFDjOIbE2vHUpBQJa8fWZDIHYbirBuFvY9y7hrzzG61XiI0AJwVHlGIUQ5EUwXnlID3ndRQ4OwkRVN0lVClieYL2OQILMqcZXcQjbyWhKlV/GNRZc3NS/QqmCy6rufaf1OKvE4TdcH1HlI0joxMuICbQXxxCAAmIk012m5ap7S6nAC8UwNErwDKUceDKZ6O3MvlCdDLEUnjVS8PePEAUm4gIzsmhhyBdAahqzio2yVHytlXmF4A6pAVTZjwswcy5UqW6BPIVFTZfaZxCgG8VnmdBX0RRbZgsGfEVLAbtwSsBfF5SHMOhSNQaCTVzHqtI0rBVlA4UsWiryMNsUSXBFcxkPiY0usGorafM5Y4iKeAfMQ/mOoHIroEaSKnQRwhT75SLPFuIzuR4PRQYMaXMJMdK9y+WmrupmgtccSmurPbAOtQvWvC5QsV7xUrA6ZbFtxT0BbcPUc4gB/uP+BfobxDBKDq/QzKQYbpKuZbbFVYxDIukplhcqleZdkFOoGcb2iACotmC5V43Hm9XZxHLX9tk1AMYAeZz3rEVTHmiwoX1EwTxHqYYDDgjakXdspKHXmNognIsLg9B3M4Sm3iUSmvMGGn5yqmvaPE67gKb0bgeNOi8wu0R5eJclanZwRAL0BzHCmdtE94vlnDRiCGmI20OO4Nd6KNxLGo8O5VyPUrDbK8kYNg1GKUBeajGXQI0Dv2gNR0ti8VLK2+8zgJZemaJpb0c1DipybHhgoxNvhDEo8pSBdsoCiyf9TN54S4gPJPAbMR1TdC7hQqrnG4aae/M5lTzXEvdZ6ZgKtvEBNVf1GmLrazMAUNljgcbQjoijd7mAB96ZAjWb4j5itnAloCxHMygIVaw6riJvTIPwYouyk4grr/AAEANsrRT6GXS+0ASO7wExBal0CVLKTojOVlFRAaMUkt4fAjRqy5aYqwVABKj+ktNnXcBLRnuUauc1Eq7fBOoE5ioDa7kECzZv0MaKtC0+EG0a2vnK0N9UG3Y7eZQMnmsEvIPLSPqE1fcoYh25ZSpXDUYaI03llhYOi4SwhwyjcG28R2a6c2MtwIe8QhLzj0hil8fWCGTUTyhgrL7MfmwcsrIC3BtgP6RFdB7jcbYtxAA6MbcdekBYouPh1TiG+GuzRxGtgORlCVrm4ow+8VW9licMHk/cI8/DUJ3tIMpDQpreGKXsNEhVyoexMG0rqUAGydfCRB2h8dswJvdbZjB7tktA6uG+4ds7LhQbIUCjDBi4ACmHu94BAQLvBGoR+MMwC/8XKHE8O5Tq3wQ3Qw5GoCLdjAlKaJsqjF7zVXbsRMf1/gDTFVaqxC4gW5gQTuVFpjC+cRSN6TUytGMCwMF5oQFQvvcHqfLAAUBszQsJK8mblbYhTPuOMAw90oZxUsBga8EWudcFhFVF5mEtXiNBYcx5l68gcSiXK3AjZcBwFJXCF+j3gOoeDiWDk9QXAgpkZqUtCL3B4ffCPlTynD5S4f1KyOyWh35BKl8w4lHhXmmGIUNHkdQQwS6WN+OoL3nxAd2S4ad2y2andZECgjCm5dFOtAOWKIsLN18THCDC8YHCzPCLLVo0wNzsRfgwSMQDp0kVAOmwy06JXCoGGi+2pQj2wWytAbLhgC9F5mRI8GCVQEvKS9DUwPE+rQiBADvqGRA6QYlvtuCaLqlZGxSdcI6YDY4hLCrW1GTAdqKbu17ZdaWB5CfDLylzq8ECgQ7wHeFOGu87/nW/Um0gyS4/ugysXvMFfajXKr/fLG7vSldB5lGNzgBgjK3qW6oaeKl2hTgZIn0aqmK0o4pphBUiqQQKFcQGwBhnGH5TFnSUOsuMD6QDgGfSvaNodA+kz4IpswerRcBuXVVpIITQHPvmWFFSbWBvuPZG8+Ze8C8cSwob5YsBOVwDFGwMsymVy2SNJ7CRA2q3pjBYLSq4Vtra+kIqkQpBzBdYbNMs7WryRBIpdwjev4Fa6eI6JVuVRCs5DMpF1FMAedKxIWjxc2lCUoIOVC/Qm87gOhK9Rn5glRMA+YSvIQAb8ooJWBd0BDiuOzgnLcWihKWdZSxYN0tSq3HfpcuXiv8IZLVzLOMzJlHMvziFbjTHoEVCM3I9wWytvEo1kaukK0zIhsL4lZVX0Q6ItyhYnWSX4lHmKcrgvBfiXZwXJyQB4SBbRa+0p6+ksyWPTLmgFoZZIX5NJAGCULmIUOFABcAbj4Fi868RWFisUszSj3zBCUhBLCxzXEqCYDWF8x6dNPdvMuBYq9ovqRmiKmE7rzHlw17IIo0JeGX+ZreX9pWB4nazNihOkfiJQicNkC0bKH1TJHcAtjsCFWCeATqJL7wWzFmKQ1cbG19/TpDGxP96KFXBxAcKaYIwrd7Z0QzeW6KdpSguEKGWIQ1DlT7cEKhb3JabTQUqXxZbtS6Y/4Ieu9GYHXvNYj8Mo8vmVNe8s7YJzcRUE8USwN1YJK95gRI7zJ9VtK1i+2DYqsHUysp8sSmoOUP9Szu7f+E/Az7THX3P8AiJf22CKoPnIAt+D/AMT+wz/iWxPIXT+oIDb3f/EHTnPP/ECV7nB/USIG/P8AxE9J/ixPfQKn+pjeiopDYIuT9uBARzf/AAh0UtjN9pkNPJ/+EySgoFEJZJtVr2gVPoj/AFLDNvj/AISnSXu/+EWNHYZPtApeaWezEbAPj/RgoKxw1TWFR0ytSfe2gFqPF1/qOpXhSoVvjWk1P4kyxIuTJ07RslsRaK/WAloThMv6ih9pYv3xETVvdr4okSJki0xSNVO6CNVfSVxdX8rFQClK4fJiMEjjDD6S7TTCheFkZTWC8j/FixcsXLlyxImTJkyZMmTJkyZIESS2bd1IZTsUDGEHtAfs72qi2AeJjyRBmHbfDjL2J4s4K6qY1njJeCdESaX/ACftFjMbT/8AgXX6X/Bcv4V2d1pNb5JQ3YgMHrL/AIulzAC16DlgO7QVDuqajmw0uS2efhvrBYAB1dpH8vKWUHz3E0K5uVG1ySjIUZlTyZf/AEbAHwJDnUoBqxRWM2+YNmIfhwpPJqHEu1lI33EwEhXkuVdRUrrNYiZABVhbl3FTSAVt9b9La9HYo7bhptqui/Hw/n+ifiu/S/iv+O/Tr4A8uY0PqbVtWBNmWttx8P4vifcZfnOyfn+2X63/AOaGlufmRFZUfCMIZu2fNZ+8z8CB5Za+Upp2TNR7NGfsYZCDmngyy7htP0H9sUGC2i1XAHziwelav/UJjDaND9oPuar+V4ZY2gL0FLxGh91AzPrQNvvNZgABd1FuJTc/XliMY2BQeNRgl+HVonDtn4/ogIkvuQ8ERcdMnzMMiIHR1Dz8C3EpufrywmMtgoPtHIX4NLROHcSa7sWeeCG8saLycXcN59lD6Mw1JBvsT+iJ4JoF8xK+hEbOM7uDQ+KKrtXmUfDIKFtF+0Q8Nni9BzF1aC/AfaXiAY7gw4uCvKO58RSjnMrHvFNoVl2+0F7AzclfSZzAYp6G1Cllql8TQhQHDPzfE+4y/Kdk/P8AbM2NW1jhhnGSGA69ymZtKL3UEiVDQWorClPX/modRD2xb97mVhodDk/3GvYpfbEKgOA5Tb7zWcflGH7RcuLzHUKsjJX4ZZS55NiGxgTq0U97wRGFpgB4ju1WPyErsYqwe4zl2mEss+I2rlfwDY4Eawrc+XLF8a1kuyrOosMJVOsXifl+iMqtCbHRGyTWbAxfdxSQqJwjLYy/WD0Yymi8sH9xLAw7nLli6NazXZVjLDtCKs6xxBWSW4HZBgoAkUe1lNqCgpsoiCYK7LP+p+J5lUue8svEy3RTXQJasAy2mn/ZShQzSwy58w3J7Ye+4QAJRukAL8XUY8nnhYEA4m4bh5KBZCjEI+I2Bc+zen4PhPzPc/N8T7jL8p2T8/2ysem4OTI/SdjAH3vtLtYxDplhOTedcP8Ab6f+cGavI+/+0GhirGs4f7gHP0CMDeh6+Nn7XPsKP4S/KD8nH9wtOR+WWN+EiuVvglF6ab+00EviKRdQWwaPr+hND29Afj+YFkYv9rlMFNFvKev5fon4rufkup97j870egWZz+1ymCmhbynrQ2q1fFg7YnNBQHc1/wDgRQ1AFM6whPw3efiefR1RDBgtiSeBr0eT0GIWp7YBgUr5l49E/iOiG/Yf3Ps3oK9j+qfme5+b4n3GX5Tsn5/tgEhmbxmJfSAR45JU4QR5FzCRUPjg/wB/+dUjAGbvb7XMrL9PK2TORSHzAdW8vCVAohDy2faMiiN3m1g4EACVKiMxRhfpKNJVeWeOolr7EDjTlZbPhyfRDRFQfMAyz6g+icXbAJTljfQX7k6elpkGHICrpd5blLQBezI2u8T8v0T8V3PvP9T73H53o9C1SB+GT7k5JpaZRHgQpu13luVoAtuxtdxgmgMWYSOdSkotw1mPAMQDTgce7Pw3efiefXyFrf34RjpUxL4RjtcZUXuYmJLG2d7z9pfF7lrqy69E/mOiAArkdpmYA2I9nDL6LSwW5e32iMvqXz14n5nufi+J9xl+U7J+f7YzLYNODZD2birCC23OIRtHfkf+cJJAHkdxzmECV4Ra7QmXRKiOvsS3aUd5KyrbSvTsoEYiF5zlh8MVS2xQOmuZQGlaUcq9pWIhioPn2eyEVFVc6c1MOjWrUO45pHP0VOZ4lfeLyWrOQ7A4jS1Fve4GHxLMBDzgFMZPexW7qaCZ7B6uKRz/AEXMLs1X3i8lKzkOwOJgum8ZexlxG3G0HmoTaEXJSmnEAgAQVkr/AHKDl2VJLiNZKX0qdIXl8xG5qrjOZC1DpcHcFIB0AwTGVLEU17x+gCGVYl3Ep7oG8ocQathtiMQPdg9kdSii5VhRIXYpDW4jajmVoP8AUasOEmR4Y1UcJmA9FXHIn1X85lJWrPYf/RMNk1tPBs/Ntlx3waa6fn/9FUU2H5Sv/wDn76D/AOstvL61V6JogYu+LM+lpaFgL9owIiFlCjv/ACDRCTBbe3rEvT806+FjnZwlqCrqbAOGLpnPv/KmgcNiKmFDgW+a/eJWbUq/L4dBilf0DbEyHS5erT/zyRKAteoiD+zhVRhcORbMQxFibWE/IdS6Ag9Xg13BuyDByed6h1bat09PXoQPbD6BEEWU7/aNhANle8StXZpFzSutsWXDlbE8LcMQMOu/WpYOSflEdUqcU8uZnFal0+ZmTWr1bl5ZM1Ub3A8DrJ9iPXEBHL0nE8pGVfv1AKAA0X0MGyODurrf3E94i7OdvcLmfkOj1ywCy9z8o+gAOP5OYVVMW3Xv163HAbt/0UEQo8/tOXHx9Q9fwPafaP7n5jqHru2oQTNTbXtcvzIyKemCQELEcMcrGDd2BqAyJphOUQ6t/wDOzPV1vcgFNsIlZzcvPMC0l1xKiGEXGebn5DqDm1e1WbWJpeR58XcL1G28YWMzusB24Pm1MnLE4DwdBA5Az4PYvdQFVtbYa48iSlgmfTn+yWcALvDmG0AY8kvD9WrL+6+UYlaX9o/36DKIS/RLntRN5dsJdKYCW81LfFNgCKvxPxvcWfS0Re11M9BrtjvzEnIYbEfHfUvcS1rfzGS1wH6JGqXlb7J+P5T870z8h0emSIA3vuX5RUDkS6dvmMj9TABkE5h1YX8KacdkUKwE9MvkFtLuvNRVp25H5d+8t3JVABbScxsQYDhWg/KEA0lnp+B7T7d/cr2OnQEDYaRwBzXbBNyMpNZcwMBbSVk4emW0F4WnKLSegu6FdThhXs946B1Qbcef/P8AwvSfcv7PT8h1CIiAMuCHbYUe5GlTWP8AuUtjzA3/AKgKFQK5e0/BP9yhFdGsCv8AUAAXobtKIyvqb+8AhWLOiWRVWu95gAAYL4M/f0XxRB2NxpZ7dOlhUEsLoeH/ALACUHQt0k/G9wlTESmQhmWrD5QFiAjpKQEAAAFBGIAtlcxqPBV9Cfj+U/K9M/CdHpkizhU8wz+AkUDqmX7/ABvMbUaM5W6ICQTHOxo9GfSUoEoAOLofZmvnLQhKuQ9469CC/WfY/wCvT8D2n27+5qrVPmVBOtl9SEAaCiJStM6vEP78R1U+3/qn2OH/AJ7AGFkOmXZUNhqAg4BQdpPyHU/MdE+6T7D/ALjXYceDn7R/hVQbMW3AYNYkJ9JoQ60fWLJEHrOq8R2J15zlNDlDou7JlyWn6PVo+0lo9jcEchgDzjhmqKo2vI4lnQUcWJX9s/Hdx9tP4jpn5rpDR6U/NdE/H8p+V6Z+E6PTK/IyerySuWSAiOLZZ+Z9pg+Th6B59XUQ5TmiwjeIu7XJzCZNjZVgMZYC2LmPM+x+n4HtPtH9wW1eA5YWpWS7HUJ2dB14fMOLTF0d/OOr7PQXB/ubFUj7UhgQ7NES8BDft7/8+gJztU4fDqZ2lZh8kgEZOaVfTENvEmE3CMmWzVEsSWX7YZbDpQENC87SO4pFCqwdJzDzrwgHyIP9uvxXd5qIWLoaUAhVWh+ZKn7ijemYEXhTOo+9vrxNCpey/pGNiprCeeEHYAtB7xQuoLQOEt0xgtKV/U1sAUW1KhQftTEXauBQAthoiIuVphOIrQdbNRG17Jatf9yzFRmUCGNqkyCFf1L1NhmVH/UKlrwNrhJzTmFrizdwKxUDATIemULH3v1D1tvDr5Q/XpCt1yJCoqCkd6HmUKYonvRkNgH0robe7UEPSwWkoL3ErViP0nS0BItv/EqTLwpGOJdbu0meVvLOesgz/wApuA46s3GBNCITnGo1qlSBjWf/AG1cq18uH3gDM0HlSAoBivB/9EBQGKCe8aBtDeA4D/8An/8A/9k=','1988-09-02','885522568V','Homagama','0778956458','0112256458',NULL,'2011-09-08',1,1,1,1),(3,'0002','Anandika De Silva','Anandi','data:image/jpeg;base64,/9j/4AAQSkZJRgABAgAAAQABAAD/7QCcUGhvdG9zaG9wIDMuMAA4QklNBAQAAAAAAIAcAmcAFDlHT3l4ZDRkRWphYkIyNnJJYXFWHAIoAGJGQk1EMDEwMDBhYzMwMzAwMDAyZDEwMDAwMGRhMjUwMDAwZGMyOTAwMDA5MDJjMDAwMDlmNTEwMDAwZjA3NDAwMDBjZjc3MDAwMDdjN2MwMDAwZmQ3ZjAwMDBjM2IzMDAwMP/iAhxJQ0NfUFJPRklMRQABAQAAAgxsY21zAhAAAG1udHJSR0IgWFlaIAfcAAEAGQADACkAOWFjc3BBUFBMAAAAAAAAAAAAAAAAAAAAAAAAAAAAAAAAAAD21gABAAAAANMtbGNtcwAAAAAAAAAAAAAAAAAAAAAAAAAAAAAAAAAAAAAAAAAAAAAAAAAAAAAAAAAAAAAACmRlc2MAAAD8AAAAXmNwcnQAAAFcAAAAC3d0cHQAAAFoAAAAFGJrcHQAAAF8AAAAFHJYWVoAAAGQAAAAFGdYWVoAAAGkAAAAFGJYWVoAAAG4AAAAFHJUUkMAAAHMAAAAQGdUUkMAAAHMAAAAQGJUUkMAAAHMAAAAQGRlc2MAAAAAAAAAA2MyAAAAAAAAAAAAAAAAAAAAAAAAAAAAAAAAAAAAAAAAAAAAAAAAAAAAAAAAAAAAAAAAAAAAAAAAAAAAAAAAAAAAAAAAAAAAAAAAAAAAAAAAAAAAAHRleHQAAAAARkIAAFhZWiAAAAAAAAD21gABAAAAANMtWFlaIAAAAAAAAAMWAAADMwAAAqRYWVogAAAAAAAAb6IAADj1AAADkFhZWiAAAAAAAABimQAAt4UAABjaWFlaIAAAAAAAACSgAAAPhAAAts9jdXJ2AAAAAAAAABoAAADLAckDYwWSCGsL9hA/FVEbNCHxKZAyGDuSRgVRd13ta3B6BYmxmnysab9908PpMP///9sAQwAGBAUGBQQGBgUGBwcGCAoQCgoJCQoUDg8MEBcUGBgXFBYWGh0lHxobIxwWFiAsICMmJykqKRkfLTAtKDAlKCko/9sAQwEHBwcKCAoTCgoTKBoWGigoKCgoKCgoKCgoKCgoKCgoKCgoKCgoKCgoKCgoKCgoKCgoKCgoKCgoKCgoKCgoKCgo/8IAEQgB4AHgAwAiAAERAQIRAf/EABwAAAEFAQEBAAAAAAAAAAAAAAABAgMEBQYHCP/EABoBAQADAQEBAAAAAAAAAAAAAAABAgMEBQb/xAAaAQEAAwEBAQAAAAAAAAAAAAAAAQIDBAUG/9oADAMAAAERAhEAAAHiRyzzwaNK7RKqlc0bcSbsr6zI9DKNzFcgNZfnndDOi8sslJxI9LO0owkZawMVG/0XE9fhpmy7FPKlds8TFMLesbacLV3eft0Pcxbw8HKtVSaoRJGiSrtpsat5nPm1jqmMDGyXyRkceu/OI6K1hGyJjVG2jpm893GPp8SRS9Xlw7FbSXW/ou1tz2tQ1rTTi2qXP6KrT0vO1ysHoef6+FHozXzZpaa0maBWXq5GosssJLuM+HoMZqWWtyzgljlrVEfn6a5HN9Xia75s9a1MzOHXxYjy1IXPVO31GTpc2k6NfjkzK14ubfFddodOEmbcr735mRjba2ImxCujfZJ1vHEbxWIUZdD0vBbPRbrrOTuba4u1FbhQomRna/qTS4dHL8/u4kee2OWKeVRrpqIpFxBUsVVRoS3dbOYLteDLOVIyszV5W3jKwdblduht2lcm9sVLc6IqTCXKfaxe5ZDhvE6CLHnfTmqXalGBleuiyDN9CkcczJiNkyJjcqzVoJKFWX666GrLr9d8zUfPbWqTJh6+eTbOnDmXkW2ONzvSY+PLjK1cuVFmmaVUVZyR4kWYxxNdnoOEjz19CTh9vHPapudlV+Jo5W04km8aa85W2eftroSZ1q2dhrjTBm1jbuem6tw4JrWo5OS2dVmZ180TXs30zcV7Oi7VbGkcyWSBqGQ3XyYuateypu6eNpde16enp22qK92PopOxa2XOt5m3DbxLdTPPDSZvPy35HSc/u4KidPzY19Uljotjb0G/wXYZWuwSy05a0dtM7QwrFMvo2s/SMXJ16W/RWlkfNZbEXVs+S67B1M9dSC5X5M3vmz61EimvTO3c7I6N+ih59LZrzt3cr0c28h3zXteH9Cztm8f1fGzbaBt8Le3zOrpPW5ONe126ig7MtvsQZUOc9NnYm3W1Ch2PI452aK7mGlOvrcRG9kox6+TdoxrOr2sYtoeheWdlnPQqseXECMrnCyRWleVY9NOfoxL2JRNKctxLFHi0s8v1vMTt1lSlRZaViZ2TndmrJtMnGdBmaXxnzw2lXsIdTzjewx0430bkOr0y5vmb1C2murdq3Njp0EVbYmg7XRnV5adrT0LGXbTo6lG7Od3oOPTO3U0538XqZ3F99xeuVJXG/K5qoKgIVUDtNTlOhzxvxsfhirCKmszH0d78m99rryTWsT4RPXnj5oRhS03iV6bUJ8+KyaN0FqI1jrUZnakNdaG31MvN0Z9nK52efs6/FdLXfkJ4+r3iHVtWObBVac/LBOrl2UNBt3Pc/wBty/X0xPWztWDRmgz6rE+DBnPUQ8d6NTr87Z1NDo5MN3cWYv5y65Vtmy5U05rYlrFJ19Jl3LCJXGNFzNqHr6uK7Gnvxnyl9mHWuxBQS8X3Z7rTejpOmLEUcdqAhObHKxJnLXr0aFasU1AdMN2Mkq6nc5rr+euY3HbnnuNyo5tsmTGnYMWDaOmpZfRNK0kaKtx9lNccSpZoXvHeqTL93V5fsMu/VdnLTorcX3/J35uf087S14mhJOUd+Do5XtOsm3dZmYmmtad9CmfNu7LNpjyUNmnTlka1yiAk1FQQLFWrexSVkbRMEro1QWV8b1RyW0V+zq6/O50qJ0YzMjbJ7mOtVyGpCzqo7gxy3tS8vrTGluUYQa9k6wLMT6GQ+LenP43p8fRmyYy1OVtNXfxxVtzFjoaVvo75rjZdOiZ9XJjo6CPG2FYs+9NHNzWFs5OPHWApygoI2anF4ooEru+vLHF2vY9IkzBdzF7mluI393k2WzX5/VtnCgmuSOY9ZyBFZuk5/bxLer3OHLIbI3ptC6lha6XMsdfeNHIskjmpsdvwOvTfcLeXE0oNHO288mbsaLuxBJ0+ks5I0xZ5Snox6EFtnDKj78MfG3uc5+IEKcioghYnb9L8wz0eLO3m0Xfc+15zax1vf0p/mOhXLpMPWWtbelyWplfP0a2frSMVu9BWrMK5JISbmZ0HLWKfM1OTOiyePomti72XvtzytL9CTLGkHdBMQ7OVRvnszYLqTefKynRn7+U7o5uisV9Lo7atx87REnSNoXrFaslKUrhW5fb5nDlqohXlVHIhr2ETfsY9ml3PuZOW+g/mq830nwSqyW8epa+oudvRg2CnrFFEN8Ucj4l6oqH2s3ZxnWs0Lfn41mSRdFV5XquL26q86P13ZLd1LQ7Ir0YT2IOqY4tyDWRia2W2NdCtbY06iPmdjoaNzJ1r9Ntsa3lzYXyXOwrmHNBjjMuVUFnNGOSDVW5CPSvTc2nG0ezwr6YhNT00mhFTLHNETS17CsNqRs0kWItm9LdqNM6tpBh9S/Iztt6nO3ubKxFFk6Z3Of3nbdGFY0HWtBj7ltPJp0udEWbMFhjp16KxDa80d15tZ1OhbuVJGsvRcwb5dBd5lZ1fs0crOs1azBHKjXF80R08KtrQ0eeanQ0YvNaFam2lb7MyDfSlkXIPSvQg16s3hLFdadyRK2Rqs0eJaJtznpY1vM56JfvsCi86vOytPLPRp1c289NBzzbT0WZlojs73EVk+icllWDUsZlZXZu4EKbMWnQiNVcwmdqnh6ydnBjjNOTDnRr59S5Q9lyvWtdqm2NuarW5dLjKr5m5Jms1rqz4T5dDRjjRmstRWmJ8clbtRkkzTksRjkaRWzF7g2Z8UsezEPBan0Ak6eBP96VPhdn2t0PHa/t0V6+Hp7ikV8Pi91E+GL7kTHh8fugecy+hzRXyOH2BYr47L64i3i6+zEvHY/ZkPHF9iVbxmn6jpHj9n2JyPHJ/W2RPl1H2iGNfF4/aSc/Go/bGTXxSf2SSa+Lr7Op4se0pE+OS+vpFvEj2tU+Gv9uWY8SPbkh4anuaJ2QJuAAAAAAAAAAAAAAAAAUqZs4t3EFv8wG3BBTOitcsFDV5zqTUysvXidjQ5zQToyZFwnVHjFmEIoTAAAAAAAAAAAAAAAAAAAAAAAAAAAAAAAHMnTABQvwjLGApoMzt6JcxXAjHJcyaNA5wgAkAAAAAAAAAAAAAAAAAAAAAAAAAAAAZnLdPiFm9zWsbHP24CtHv5I6LQziFzSJ28Dfz5ZPW4zoUu74jpyhmwzIqXG0pdxx3S84T7fORlhz4Tpr/ACvVAAAAAAAAAAAAAAAAAAAAAAAAAAAAMH4GvgxL7Ooicp2tiTXbSLCi3SsgsIDB3CZMLRmMSfoQMGyF2wAZWqDXAQTiCkEkS8CYAAAAAAAAAAAAAAAAAAAAAAZG6JbhbvMpTUxtFWC1nyLRa2NoTWrUr7xn19OqU+y4zqjjLutAULC0jQitNI69qM2tfldo0CjeAGjJYSJmAmAAAAAAAAAAAAAAAAAAjHpDNEsliUZLHImLF3WHN2dyVGRFukxzE3Qhka4AAAUC+ct044AAAABFhg9yMS5iiXKiISWKUAJgAAAAAAAAAAAAAACNk8EWcNlHRkiteZr0jXkwAAVapp8Xu44mzzmoZVySsaOa6Eyt+lpGjz+hUO1K9A1zD2YDSVMSyQhIjRzHSDXBMAAAAAAAAAAAAAAAAANc2EQsqzXjZq4520bBznRgGeaBwnRGyAGdoYB0Bm6RRt0ITYOOgO4ZjRxPQQuQBqpJG0kXm4nQABMAAAAAAAAAAAAAAAAAAAAAAAByXW8wYd2ywybmg0pS1LJj6N2YxNO7nmniazSTC6HII+lwtqJ5+W4GfS2YTpeN7Hmio69mG7l6dWYerJi/tcxsF8o3gAAAAAAAAAAAAAAAAAAAAAAAADJ1HBTZfAAAIyQa4IOZ6mJak/InWx0L49sgiJs7UxzM5iY6oADIgN4AAAAAAAAAAAAAAAAAAAAAAAAAAzeP7HIKFuG2YGsxTK2JGwyprap2+R7bmpik3ZDKm044mlHotmM7dyLJnrdlM3Xo7Jh0+grjFsREHX850YAAAAAAAAAAAAAAAAAAAAAAAAUS8c/0AIvHQv2otxaMeIjfgzGs2Zg9WYkxvGFugQc+dOABy3SEoAAAGYaYAAAAAAAAAAAAAAAAAAAAAAAAedz3nGXldbmjsHraA1m5Sicm9cRGdqrPKbnegrGRQ0tEzIdYM2axOYqWrpye9JqmB2OPvnCT23Do7jjCl1IzT2MC4aZVtAAAAAAAAAAAAAAAAAAAAAAAAAAAAAACYe6EMwAAAAAAAAAAAAAAAAAAAAAAAAAH/8QALxAAAgIBAwMEAQMFAQEBAQAAAgMBBAAFERIQEyEUFSAxIiNAUCQwMkFCMwYlYP/aAAgBAAABBQLpt5X9dJ6do+JRIz8gDDDCjacn4aeoDHj4sVO5iS5L+h23wi2hVUrLLK+07+xvklgxmnhMR5jIOJw9uU9OWMcAgU7l1nIyg/L6Nvgv6EeREPAqwC11hfacG8Q0o4gkCVMT1icD7AsmcZk5GT1rulLEWBYO3k17yIxm/mR5xl5O+b/OZycWvfEVTPA/85jfI8YcxyzlPEi2yWqmDmOc5Edd8SfFo/qB0nKJDB26/pnXFCdWeIvNY+qVutDx4NWuYcVeO5/0UeYz6wTznklk5v1WXA+CXKmpwNbJyfraBLbhEbzjC4xqLOITExm+D8eObZQ7OTwjN4kRicLnk5t5gs2y2iCCMjoRZv0iPNCyruCXQa5GFVPbOQmyqqAREqngwuKqobNYkyHuFzNv6Q7Rk+Zyf7NCwMREQUSM7TtMSvzA74RccMpmTQC8t/WB8hjkStPUMcVBkTJdGbDHCCxiCjJ8dLBsEOs9d8jIyJxDYdiWLcytDQIvzHaO96aJxhDGGS8QE9w60EvUYFS4wvnPUajtgY9BIsiec8ZEzklO0RtJlChM5mLZRxjF/KqkntWkAH6yD3ySGMfI5zkJXYy15yLA45o9qfhtkZPwUDCxVkzyq7aR/wAzAIcLBNlwuzKmTDFbSuI2m4bJLfPGT/ZqOZC4OMYAMwVSOfnEq5QfkpNgJyy8cYUmUYGR8dMUIomBzlGGY7wRTLJ3npO+XNuu39mtVtYUWu4C3Ypm48yWQgyCeoiXWEhCwfN4kOXVxByrmfyiOk9Kl2VwDBYM7ZAxhfjklHOT2y40QyQNhQsIxpRxEsgvjRc2WSoin0wcogRwd4w/ObZOSzYbfAl9ZnI+VftxlN7JweMgtcHnbmJ3iMtQW4b7/lMGAZvPaJSnHadyX0AJKST+HWfhMtjE3bK8VqCjgWgWGUcfJDKS5BVksdXAIst3RkYM/DS2CJ5wgR7y5w+PaLPrN8mN4L7yZyZ6R006r6p2oVvTtyAyqCpJFqBAGPnNyiZjiViOGciJSY4QBdvDGdoqrNpoAxNNSYMNsCOUxgR56zm+SW2U2olclnL8dh3kQmOIcY3LJ45vOzy4C4vx6BkZ2i7cRvKlAkHkyMhWCWM/x33iPxxy/wAggZA1JLPT14izp855iRycmc0kYirrHlMz0VIQVexwV3jiAETztxBT5ziRDPEAVMRncgcncpM+zJ/kFgT7q8jF/BhbZynJ85Qq+oYFUQgY2zxnKMmd8HYcn7mceHMrNaVTwzhkRiwkitBCqNBfcdqTdmsOBBYSUlMRjTI4jBnJ8TbtnXZGrFOHqhTnqndzZWoLMCUW/Skv+k1mf0eogMRTV35kx4vslYJPHtGZC0dvUPb2bkOBkuqbQZGGEaMgYYlO4nEby4+C+hHhflm2TlQxh4sAx/HJgc2HPGMDc5yI5YMCOXGcndBjkQLhU6mX9Npy+2mwUteoxJJ2hjLLyJYfUFMNE4ZBbxFiSM8joMyMia74PWSWKiTZ3Px1kvyyeq7MSPrTymxZYLDVp+lbk9rB9Tadvp7TI61W8MpJPcy3WIDrnIzw8u4rUx3Iu5kszfN8kuumFXIPxyds8YUYUH258ZxmcOYHLDu48Z6acPKyP5Wbf5utF26qw5ExUCvtlMsUI1TzYN4kYxzOWEOGHwXJCXam7XoJkL23i+zuWviIyU1Wik7F5jZKzPZscWVU2GLXRnlXrsmu6WNTle+t4X6RCNZ/46i7ZM/eR8o33r13QECURAlk/jIlylc75MlMtUPGQjeI2zsF2dMDE/5R+V21HNhnsv8AUjIk85TuyxyGSwzks36FG+FG0xEzKdOYWJrqTnLFsSwr1gUKxS5YzPQlIKochbQKMp/p2biO5D6kgCUy3IghqBkZYIWMH6jxldzCHsHJ2E/pmohn5xGVO5EwNjBlkYRZDIw5mGQWw2IM1bZWX3G6jPFVKNq6fEn+kxjJYMiWfqZueFM5vknvGb9VK7z01wRjJ2l91QZYuMdldspZdWNtMxtOkq4wipLQQLU9WqhmDvxnzi19t2ph+ARkdIxSs74rkbUlAuGydqkzszuUzGRG8sAll1SO+TPGBvsGB1ESwbAFnKMOc+su2Z2+5qphS9RLlYrNEVPaIZD4nNhnPOcpznOSyck4kem3Qp2iTnl6x+MaZ/Cha9OdmqLmDHCBSI/Dfp99LI8lSG2bYCSLNlpyyXKMP6gpgtOuQ0dUp9llWmVqKFdSn36EWIcg1dVeILzlclLYuwmchy5wjjffwj/zQHefRRs1S+UWQWOeSziedssgM2HC478425zt8CLbDPf+xQt8IVsRFYjabH5RYwbXj1eweqnb1Bzk2JjIsJkDMWSnbjPnDFfHoycjFHKyr2RsVqtaCJNfiwyJQaoubY29u5H3/wAhOEO+QOVld01J4QH5EA9uR37wz/T2p4LOe4M144MVKz2nJiY/sEWHMzk/2IzTrfOfOTOT9b59Z3PElM9FjJksAFe8Z4yR5YVaJE/GFg9ENlJjb3TWmWRCZkzEgzVK3Awj8tvAxt04zxrBLVgvgI/pmz88VJbgOOLdtfkOXZ4qBW0fOZ2ySnpM5M/NSTbNfS8FYKySjJ4hncyGTymd8jrVRsMR4/PPORjVkUFP5fCmxS8W8TC1EAMnuFjysI+FOOUBC9pYUZ5nN9s2jkcyMKXsLjMIFE8rsDIt4cvjOFOb5M5OR8FhJnOmPgTAgKpfhSz1IMi2bJ+dRPMiIRyJEl8PG23QuWz+fd3zfN83yJzTX8CL/wBGW1xbeqWLjpGKVzyKchKNzjtTMBsAWJjYrBdyvZLlJfp9vlHHgN2tENlDOPxbOSXWekZxLoM8ZoXIsDYQDYtVSRgRvIRtHyVx7kvhmcVLlZcg85y2yWL6agMw34RgHxKmfKb6xkxPcnRsXRc/lWslymWngdySL6ZywVxJNAcRsImzyH542IMbiIT8ijfOGSPQumm2EoNb0uxtcDhumrnG1XImjdh8EO8OTCHd9UL6x1UHM4LeFLgc87ZOPDwwJDrORm3SPtCm794iEwKD5QwJ8SE8SrCG4wPDgjAWrfiQlIG0mBKyGJEijaIKBywENG3WdAzMlPxoV1mPbiMkIx1NLMtUO2vNs8xKLj1T7ge3rchXfau347kkO/zUMmfdEciGTgSPHbbJycueA6xG2TORG+VUbZzEcYyJhTpZDh7Zt/UGM/XDO4Q5DvwWywUgvlO2+THOVh5icmJ4+oAI7jdntQavjBTGJY4iKy2MlxzMqsNwdL456ijXhtlZSG8xEPdPCvXixaJ0Vh8MniERv8Y6VVE2dgrrjexgbQE9CjLfGUdIjCnFrk5SiFwx+2SUzkZ5jK/6sFHaY8Y3QvmShKM2WE/nORsBTMcJ23LjvMROTy5lJnNxUOlyiVPynEqk5dAoH19jGMNszldO+Ns7TL2nhfa45SMcRNnNkNER6xkdAYQYmJcY/c78J6fWX4HvYMYU4lEsIABI2LPKR6JCWGxPCInaROGLDzncOAqce022MTA9jB8TEzm8dwp2wyITBv6b2COS3sYU7z8lQMkTFhDzI+k4B8SYw2TkfU/aT4E1pMnB+EdSnbNPiTXLPyGNlzk5GWB4vGMnK9flhGKRe6WTgYsFvqjEpefjGRxOMVHMT8S6wx2VJ4rEuxFT8mifAj/FqZ7iYndVKyVeXPWOT5n5Krsbi6ADnpUYVASixVNWGHw/1kRkhtLI8z9f7jbPEZyjlJhtLMkt574LSshiOcduTjOcTlwv0YnfomYgmWuOEclO/SmoGgPcqGcBZXG+1n/MY3nfjHgoMOOSUwIMgTXYFQDY8WWwUJeY5FqRCx/6fJaGGNWlgxtEzklyniU42sL8tpFDe1Ek1fHIz/URhxwwp3WXnpM9NPWtti0miq5RqqsIXTR6L01WdLEavcsjFe42DQ6ikbl/Y4i0r09FGneoZ6VPtjKPEbenOSOpUl6ff9AM21qW6xeVFS4p5vL07oY1jFnaS9eL/wAVqa/PSW1kDCMrItQI1rm1aLFpthE12nXtSwPUUdLrTEAwfPwFckKlirBbnqF7FbDlNjeJsFkufOGsyx5BgzhecUH6jY4zOR+opM5H+Of72zToktS1w4ZqWi71tX1viqaEkr/5pNdlqw1XPUbBMbd0WCjUg067OagMN0vSylVrQhXZrXibd1bWKz/VbDb1Ex/qKEC8r0BU1PTy2ty7UvSkH6jbNtyj37dpj6ztXa4tRf8Ag2k97rVZamZcAyop7iqVhtmsRJ7DVh43xkfl0SqCzuREm/8AKJI8gYjO6A56kYxbe4MM3yyPOOO2f8YvwdmP04D8BntGwfMdIyfAARowNQvARycni7toAbfttFJmQlHaB8kjO5YnFGahMjZm2DJLn1VmVcmS0uRyqy5bbtiblvzE+osd3mXKLZnSEZnAc9GPtOZbDmstRd6sCbYJSyamWc2ELrAr/ORUzbNhOP8AU4G28smcLIjPrJnqJSMk6DHvzse5Z9L6WC3yMMOYrido8TvkbTG0TM/qGyBAT6R0WXA3vOxK1bjM8Zmes+Zn6jJnxH3TCuamLGMKIzbIHzheZiMnpv0mcl2C3fpvtgtncl7kwoyfMDkztnLI+/iO2Hw2ZI5P0X39dInzv5z2+pnt1PI0+pGegq7zpdGc9qo57VRz2ujntdLI02lGegq57ZSz2ylntlLPa6We2Us9rpZ7ZSz2ylntdLPbaeeirbegq56GrnoKuegq57fUz2+pnt9TPbqme3U89vqYfo5KtU060r2ylnt1PJ0+nnoKmehq5OnU8jT6eRp1PedNp57bSjB06nnttPPbqee3U89up57bTz26nnttOc9spZ7bSz2ylntlLPbaee2Us9spZ7ZS/dWrTPUBZvPyneBydSvnXJOouuDUuzJWba01ksvwulfQtI6goqlvVhENOeVirMZE5yyfv7zzkR/DusCp3uCu2mwLmuP0WqIfWr3jWRJJS9NuufWK89nPLdBiNNqenQ+scaej/GR1Zcv0cdlMvqDPWL7tdkWEbYMfx1uqFoK6uyvLKwsJqp7ETkThYOFg/ZRg/wAZa1BidQ6uKRVpN8rw2bh+p9a5MzGDkx0Hpx/h77WqWWsN5DbsoZVuGyxdtLqp07UXNsO1UyylZOdRtamW9fU2cn6w5DEWblzNEP8AoNe7JWuwPtL9QSrLeqOXZw9SUWaZqDnPLWXqldu5KFNFqD1eykVW7hqDUKpBa1Z1Zte3ds5Rsxar/v8AUwsHURbQiqgGTWrFNzVL0EnULGoLuV6opt6S1HprGh8T0i1UCkrm2lbOzLX6WB53JoXbNg9RT3Yoagd1raQKONPRcanTzshc1SoydNYu3/VaartafWOaVgbBBcRTgmFzpamVmC1GswqFP+ETXei5OniJ1aa0tbpwE5OngDiwZzfByYyB6T9IqXqylVrU3cbQKXV0jXR0tUVWWDHGMYoGF/BcscwFK92pYshMP9mYrD3elnfV2J1eliTBy4jNWuOqYkiJPuYTNWyu0vpY1CtXOtfrWT+c594P1+9mc+81K52BrWylaLcvLTYhF3UbsVl1LZlla53yTCq1+letMeclRvt1G2pzWP4WGcK1O3ar1aT3BDdRuKdFuwlGoWpXatydjRLV60nEW7Vlmn2Td8i/fT97ZE4RnT1KzY9cn3IttH7svdzq6nbf7ggdSLgCH3ZjUTiE1Xuyi4qSu3ZOvdrd/T16gYACbFuxRcVJXbsnXHuafask7UhupYu/acdpqZeke+fqqjicPSZzffInb91OQXQvuPr6wqTYtFpptwa+oZSqGjHUm+qnTWOMa14Ro1WIb/enB6cum+feD9/tt+kYUYM4X2P0XSI/t3bMVUNuW6sDPKPmXnIwsn6iMmMHP+v2sxkdInzkx0j6mN8iPjOFcfNRpXE1PcqsN9bah6CuXUK1ev6XXLQzi2u4HqFwAde2fat3F2PgU5EZxyMmcj6mc2yI2/bzkRn1m/nNsjx8bRmtHff3Qe85R36dcK9v0aIFuqV5fQWiLaGhX4P1Gi5llNRrs1Cbb1x36Nls320PKkLsWCkbVmQic/66f9TGbTkD+5LInbPvIj+6+lWe3pZqItQAwA9d+n3PiM5ZOb5M4P7ws2yI6FMCIX7DhjUFehLUHKjpfsxUqRqDCzTbJvjpM7R7mJ5UuKtdNSYaaOlnYYizqBxbqam2bdjUFg1WoKJo4PSPofq7yXT0g7DUfwGrHaVlWHBCyWhLFXmrs2b6rapcxx2ndl92ytPcKgUXLlVTZdUri+xXuk+69l6O3qcWdShkJO6Olv71O811q1aX2a9u9a73fbaqobvStWbbco6qz0x33i05dauVd9VVUv8AZoWzvmOkNJtP99fps9bZ9Zcw6FiyM6haFpJtVbVk7gYNcrJyLpb7cx6O/f4Lp2irEp923XK7TTXrvbahF2sgpvHb02uVWssLNGZVZuOfWch3pnPVZULqrGXU6cmu2xo50ntyU2KdmBuxb9E+uEM1CHoC3Xrc3+spm80/v7dOHtGNhtVl2Qq1FVf7H+/OffQ8+445MYcCa1DAL/juWRO/S+d33MemrnbCzXuLa3bf4bYUbjobLbg6WLvbaGo7M/gL4uNEHdbIsmuk7Vig7azZJSb/AGAbcchZnWac6itlcGMyg/1NKqd+w6sNhOoJm6yxVm2m6VdmsYp5aYq33aimuCm4bb32Im2i1ZZfG4sDl+j8kxqHqHXrfr15qDWWHkps6GbrSKf7/UKo3KivcEJVQs8PTPuWai31ZaJ6qgvcSTUpP5V6tjTi7God6pXGtUCvfXU7V2walXKOQm1asKXco4FBljP/ANPsVNJNToReQJV7zlHWs17Mo1CQ0+uxZORZTbeF+6s69itZam5fi8mxa/g5+i01UnTqBVzjkxt05ZJZ9ZH8fe5RT0X1M1ugts26+lvZZq5vhfXq7BTXuQb8mcHHWnnbRaeNvHxMp0L1R1+ms+o7yoKF/F11SrH76Ivy5dUGOljCplYPthbar/59CU2bNUtRs41zTq9jUiWvatjws6gzUoKE6wfChFK/AL7g1l1rh4uFow4veqXXibFew6tX9Zs3UyMrTrJzauLfau2l20nehhVFBedCk7pXYbqJRXnSW2IthYRWgrGlPN9X92VCyuPT6gTPbD7AafcjD0nlWVp1lbPS2KqJ0s/TQnUhdV0944CLtPE1Hss61Ae3AzUuFGvF1iw1NSkae6MOjZUfpb8z7azse2PZNzTmy4NNstllaymy2vduQ9IPTFPUO3NS+ZFSbXZFe1Zd6N9W1Ne+T1Vn1kxFrvVe76f+FmN4nSKMylQJX/8Azf8A/8QAKxEAAgIBBAAGAgMAAwEAAAAAAAECEQMQEiExBBMiQVFhIDIwQEJQcHFy/9oACAECEQE/AbJPgRtvkyeCShuTMuCWKr1WlaNKS5KpU+RpwZB7PT7lXz+CifSMr9hU0bbZjhXJt5KKMUPOx0/YkirRs54IrgUrRttW0eNUVX5Tv/Ip19E27Mcfb3E1+qJa7myX6n3RDFLKriTxTxv1Ix9jEMw+IeK69xkT7FjkhZNr5N99Him3K3qtWmuujdF/Q4+myPq4XRjXwTHpCFuxzvgla4Y3KP6sx+LtbMpJbXwWWXoyNUQVMi7pGfw6jLchcGaOnkTcd9cfgvV2Swyu+xR9mj/7FK+WVwShpBijJs8r5kOXJjg7PoofBFWUSZF/Yr7MWaNJMlyrJrkaUuCGO50dYmhkY2LGTS+aKv8A0QfP7EoqrRje51EclHhjyI2p8mOFLcZJNOuhRXbMfe19mOLcTy8i9xK0ONsp1wRXHIyDXueZu4HKqRvdUeZGXEjJGUOUJKVZIniPEtQ2JHlsjGtL4JOAvqjJ8yIc8GWHNkVbHJ2kiVpKKJQt2zxCdG2xyUeEXem5SX2TlXCF0KLZ5bF39nqsvgbMeZxZixc710eKh6ty6/HKjYq6MdL/ACY6/wAnMmS4KbfBvLHL5HNv3OTFbdIzweL7NjfLNkKsk9qslXsbWujfaqQpNfsXcbFCU+EiOKGH1T5fwR8ZLdyQy74uA4SUqHida9koRYl7EcTSscWlwTjfelHpHL40XJCNFvS6MkHk/U2JCibUuzdH2RHxCiuiWeT4To76ZCHJddEJrKueyCXuZ8a7iNjyfBjTmzHiSGuBxpcDxquRpLv8IwbIxorR6OWxWbzcx6N7nwSqyD0aIPbyQdxsnJNOiUrFGzCtqqRXwYsEsvRm8PLE+Rxsyr61jCxIrVU0bh8dfg+j35H2RxxfK0WmHxPlJpknfriZY82ujHFsj9iIS42p8mWXp2skZn7awTk6RuoU09Hj+GJzRKLfqXYuuS9cj2qiNp8ku+DC+dWTMWZwf0Sxpq10yKcJULojwKZKbkSZmk/wUiMY9vRqy17Ejb+H2zl8n/phVfhMRhzbOH0ZY8XEhPdwhSS4LGx5E0Snu1qxUhSF+D02WLESgpKiUK5PJvkUXVFaUSjyPHI2OyLohtjyQbuzeKRNc6JWVXZu+DlmOLs6fAnqyiL1n0J0jcKRuRuRvN6JM3IUrLRvRuTJLSMG+jYkbkhTHYhDY9NhsEq1cbNhtNhsHis8n7PLPLFjoUPkUBwsUJHHsbZfJ5Y8TPKYsbRsNptNpt/qcaX/AGOP7q0f9itVpf8ABX89f3n1/Nxo/wCNadDf8nX/AC9f3UWIsv8A6E//xAApEQACAgEEAQMEAgMAAAAAAAAAAQIRIQMQEjEgE0FRBCIyYRQwM2KA/9oACAEBEQE/AUSOJxdWckiLsrayLL2naHKyORZ8597oeyJfZIRxdnD2IxxRqad4RNTg6Rp9bULd4GrIbLOfCics0X+zU11pyyaWpDVzFi3RKKZZCTeHs5Gp+j0kvyOKWFtXg5fIyOJVut5SpE/k+3sik0Q+mjGXKAuiiitkRWMHRfyRY0qJJbX4SSJRHhkTlsntNYJuK6P5UpfjEiR3SG9oojnZwZbFknRI5PkXtYxkuiORCV5RxY51gnK3xJKhI4kRnJx7FJUPeMhSvGzof+pKXIv2IRTz4TjY4sZARB4JOiL+62aeW5MaTP0iiK3/AMb/AEXs3R6kR6vBi1Lyib9zlaJqzV1ksPs0JpqvFj7F2aZhE53E6wQjjO3ES2kerywjjyK4PPRZL6ixzPUfRHUro0nyRaiOTn0S0IyI6Kg725btEhr3NPSf5GpbdIrkqIwSKEit2UtpR5YHqel+RwPTTFot9C+lXuOK0+iyMq7L2acRkJbUKNkNFDjijhxOCrxflq8dRcT00cUtnKlZOXJ2Iju8jWRYFtBV+RVdHsLI1ZJb2X4TbWUJqQorw1mkN2IXg4cngap0yIkIZPJBUMm95PirPVQpoZTLZJ10J34azt0PDoTFulYpV0TXIjL2Iu8i62qxEiT8HFDXwcL7F8I4k+hWl4ar4rBWSJDZL5Gy6GxxvJF5OXsQa29hzO926JfUwRHUjPr+iyceRPRayR0yKrZ53o6WzsjPieoLUcRO9m6J/UcejV1dTUeBaWpL2NPRnH3I9D3RfhOXsR68a85EXk6JyciOkekemjjXRYyPhW9eN/0uivkwWWXvX/VH/8QAQhAAAgECAwUFBgQFAwMDBQAAAQIDABEEEiETIjFBURAyYXGRFCAjNEKBMDNQUgViobHBQHLRJFPhY4KSFWCT8PH/2gAIAQAABj8C/AzW0qx/HJ4OOfYWi0arSaSLQoX86LHgONGSTdU0V5fiFtnfxNa10rj7lnBIo24e9kNbRfdCjiaKniKVHbKDzplBBApeNuNKSBxoj6uv416unpVwa3vUV4Dsse5061anlJ+34d7bvjQH9q4GuFHt14Vq1HLw95TVvcs4uracOFZb5ha4PWknjX/e1QlAQpsdTUr5SVC6edXUb0htpQsQwzamvOmPhVgNKNvwg3SrlRrWaF8vga+KMjdeRre9RTW1JrXvdll9a2f1H8L4nHxrdyjyrjrXOjWvZbsLL3vwFDm3bmUi9+7z86bbBhY2DKeBo4efTEpqp/dTw7xVhpmHKgrNrE3qKbX+b/FZzayLu3rdKWOp14VYaBdPOuGtE9Kv+HlbQ10rhpVuHlS3fsstZUF5P7UWc55Tz/BAHOhtN6rR2+wrga6Vxq1aa9t1sRz/AA1WRysq/lyf4NGHEIIZl5f5FNfKQn1H+9ZlO+u8PGjpVil7CkjVLq2tXjOn0f8ANFpbsOLVmvboKUK1y34lwtWZTauOVuhreUGjksKANa8a0Gpq7elW/ACrp49K1LSf7jXIDs50tq0Nb1XS1WcZTRyMDf8ADLRqTl1NuVBcXGZByYjX1rLnLL0PeH/NAMRbkaTjapbd69qbS7PugVbvN9TVv9862qwbvcW/4onZgRndBI41w/DAZGK9ezfUGtyQgdDrW8oI6imLAWHCtK13nq9qufwM1t49a51rat0itNaOYe4GHH8QNG2zzcCWtekR5sOZCNBbjRLRw3XkG1PlWWVXTzrKx8rUzx2GbrQmFyOBsazqBc6Kg4UI13n0zn6aJzZuVA4pwqDgi0/s+Z4xrmI/Dyvwq4IPZxtXeoDU31rd0Fai7dKu+lcK0HviMNpX5htWt2+9aItcq159u9VwwuPwztEL9NbUoMarGL2yivibMW66mlVU3OV6tZn8DwFXCb3IHlSnXIOlWiDlTy4Uuqi2nCgCPtRshQjhRll7/wDMLLWVZ9OaKtl9wMuvXw/A3A/2reUsviK3syGt11rNpYVdfU1rx69mmtZQgHvkFTmPOtKzSMLVuX9KNuNW/DsTZBxrd1Q8O34zFVtxFBUjeQDlbSrmCJR0HGht72PTS1aqBfhzvW6BfqaBflxWr3/+XGrMb1usE8eNXLTs/UtW0dI2UDXfosHUG2ihqJXu+fZYnj0603LMOA9/4YW9eFWtXBfStQvpVlWraDssK8aPU+6X5diBrAmssa/erynMa3eFCrGvCsyULLpat6NatkFFsPcjpVj7l+BJpPPt+IpYdAbUdiqx/vJpVvl0v5/aldY7k8+njWZmLMaDLVn0N9aFhmIFWI0rIxKrRCSN5X40gl+HmHIUSkkR8CtjXxFyk9OwcPG1Xvpb3+9lAr82X1riT51rXAV0rTtyrq/9qGZrk+4AKKivAVEvTWuGZm4ChtdfDlXStNLV41Y9g2XPjW/Ev2rciUVn2hvVxuzj+tZXFj2xeVIPH3A8h0/aONFXiZRpYXsv3r4Xc7qk8PtWyhe0aizSdaGVbBd2t3gp4fuNNbh4mgAjGN1+16KnQ24UGB3P20BJ8fD34HiKBjVkNzcXuKKc+KmrG9Dwqx7x99c7FR1FaG4rjXHs041cmr1xsKsvCrdO0AVFGOPE0BzJq550zUrE20qy+tKE4DVjS1pXQ0aJb3LjQ0EcZZRzoo1Ko4k1bpUa+F/dC4nM6oNweNNmAObTyHQUQVZRHdxY0dd227fjV/o7oB5mjnK7POyt5VG8UhJVrXB5VFiRfad1iKu/HgT0rc3HGtuta6t5Vb0pWFHKu9ytV/wAtviCtR27td2x7fCmYcO0eGtMegqOOj46dm61+xYxxOprTt0OnvAp3q+KuWQczW99FXNORw4e9ZRejtI83he1SWCqj8rUkcQyKP61IycpA3rTRoQFbjpTxG2Umtb/ALWFbrNlbut1AoJibBjpWeLeSitLpe/4OlAnEfatWBrlXOra1e3Ycx7doe7TN9qkPjTHoKUW3F41liAF+Jrka4Vdr1YLXD3rAXNXl3F/rW6uvU9l1ILDSjrdyNB2BF4nsurit9srVusDQz6VcDe/vWZTfwo25ViQVP037L1nBuWF2051va9OwC/Gr6Vlm58KsR+CArV9FbyehrUEVxrKB96040cvc5nr2BaWMcKHjTj+ajJpY1a+nhWjVyrhWoPvhOFDZp96ua45z4Vbur0FBh96WaDUirGjKeegrMGFWO8lXHZrx61vd4djW7rVmF+h93erc18auGC2rKz73WmZeK86ueywoq4sw5e9awNbykeVca5V/StNaMY4nj4VYUP3c6sOVLfiK3L5jxNb1bptXerUjs513dfeuDavzWrfYn3N65SllTuudaAA0Fbunua+41cOzUWFa8aBU7nbccaytr50XTuGmy6Wpc+TaR8d7ia2t7SfVQzqQDw8fd+MtxW5ktXKrACvKr5Gu2nnUgmjKqhyjyqZiu6psCauTamcuM7cq4+5vMa0uatl/HEbcOta60LDU1ZV151e2lEkaVqL34VlsL9elXAreZBRDvf7Vp9Iq+W3TsJYe7mXjRD0y3ZDfivKgzWuotoL3FELlzXvUSx6uBe1achY+9alyLryNBzbN/eshPPSpjmYi3DkDSr/ANx72pm+kaVndLM53QooIgYzjvdAKK3B8j2a/wCjAbiK8eXhVl+9a8OdZm4chWduPKt2tT2WWiunDWuDW7elEe5mWhIhtrrTWLkjukc6s172/rQyaUXW1ufu5racL0jQnKwGQ351kzNYnQ+NWtzpf61KB3j/AMVFfiorI35Sd7zo2RVXn4UyqQvWRv7CgZTs0PDr/o7RqTV52+wqyKBVk9atfWu7V+da+5nOpPKjwr6a17NHPlVj7rbUOegHA1Fs+bcqza+ArfXTw43plNjcc/dlXlbh1q2XLpbJWSU2/a55+Bre0cUL8edf0piupHCgG73H71aFLv48BV8Q6PIRrfW3lS7QhGHXVzXws1v5vxwq8TV92/SrOLGsjJw5it1WNftH4GZ13K1a1NlPKh/zXePZuHWm2ne97L6VmVwb8bmim90vTOHsR7hbiF4jnQZCVBXlrREthkHeFcUKHva1l7yjgb1caj+1L050cx0rRtTW7dR4d41ZN0jwrNdszcQqUzEWA6/i8D2XHGskmklWcfeuq9fwRn7vOsuHU26mrybz0d0jTs1Fd61bpq9wb+8DWh0NBgm8Ka+l9fc1LAfy0uz4+dbyC/8AWrX+x1q5RvSvhXYdLVvLlYcauijUUL8a0VjRv/ehGsjIb94GjmlvIfp8PxPjR38elfCdfKt9FNbhK1mGtuYoJLpJ160QwuK6rWkevvgcBWTDiyj6jV1GZv3NRue3hcVpwPv6UGuQaAfvdaMgF6ynj2XsD51dwynll50c7DKevEV3gb/0r4d70SzWArQuovzqynXnfnRH0HjWmgrWwJPKslrg+NqYqWyLxu1XJv72Z949OlaKB9q7qn7V3MvlTOrFgO3oa3GJ8DW/Dr4VotGQDIPCsofNamLa/gAChHGM5HIVeV8vgKbKdOevuAW0v7927NKyGrjhQZRqBr2WV4VB/aays0LW52o7NAb9FqwtY+NWds1ta3j/AMUzW1Na1lFr/tauA0rfuhtY6caYrY6aJ1rchyyk6nl72hNaSkeJNW2wNd81YB9avO4RedfBQu3WrrCoNdK3FOTrV5n2j/tFZRup+0VegOZ/AsNBzroKzOcsQrdFh7h1Fx7ulXNWXt0re5Vr3KundNKBZ2PL/mrZkDgWZRragDeSS3d40A+4vQUVXQc/OlFxQ1oVrQsMwomBwvUNwNXOZJhpYaqfKrNz/BzC160a1XkYt59meXRP71aMC1bznstWvCr1u9739xiKvISVHGuF+i9KNz261dCDf3PDssvDtCiuN6uKIbjWzP2po72UnUV8Pdh5ki1/GimEBYnpw9azZy8rei0F4k7z0FC+NC55a0G609xoBm8xQcS3Q6Zrf3pyoKgd5f8AI8KUodb5rDu0T7++dK0N/Kte29gfOrub+5e1619PwtOF62cHHm1HezdtqcDr23f3VFrEc6GbsI7LnlQkXrW827xyjhT7HNkI3upPQVmzRtKxtrwWnLebeB6UZS1+VActb1rW94r50yHutofCt0ASpoLaqav7+4unWviHMelZiulHIW+4rfFvwBQ7LA3rVq1Olaf1rQkntSGA3asi936j1rhbtNuNa8ezWrLWvaQTZ6vxU/1rT7VlbvCh5dlq6Ghahk3QOlEkXb6fA1sPrAvfqadDqqra/jXLKAOdZkVzl4m1xRZTdTwFXzBr8x7+ZV3etZpvsvZ/+6VuC/8AM1b0h+1DOz2FFQ2YdmnD3QaU9nn2JG5Gd2yi4vangeXEKynKSEGXzrFFnYyRR58qinxE0pCswSIjXzr2pyRHmyZY0BI+9RbCWXK7ZGzAZhUkYiOxR9nmvvedPBIblDa/Wlw8jOqnXdo5V+GGyA3pJcQpMkrEKh4ADiTWzF45ShK/tJHKlxKysW2uzY8ANKwqJmfGS7+QftpGkhMceaxYnrUSpmMMgyhjybgaxjSN/wBPh9Xyi3/tqybgPH+WjFFm+GAGbq3OliC5nPKtzKumbNnGS3nRSZLSCs8oW18pytfKehq9Fo8tgct2YC56Vl9nkzWzkAX0oKm8zaAUNplsdLq2YXoSDDzW43y02wjza7xPAfekw6CWTFOdW4KfAdfOtUy2HeLALbzqVtzflABDZhwNW6cK092/AVdt41venStWrS56VYIa4AVoQPtV5ZmtVowbDme23b4iipry9zDZBc7QVNAMGhdmskg0Yn/NCGcZc4MTg+NYbCROGjgj4jmTxqZjAJfi7qutweFRT4fClIdoF3dQDWNd0lvE+1WI6B9eNSvLbOf28KzqC2zjZtKib2RhMd3M3BfGsHmOfYF4nIb6vOpMU5YYeBCBc6ZugrF4OdgitllueWutTezBi5JVAvQV/DrRSEJFGrEDnesXgJTlYTbaFv7iv4rgpRkfE78N/qrYTwTSy3AVUOW3UtU0Udyi27xueFNJCAXETEJbvHpXtGmxzZMmyH9rcKllSIHF7BJBERfKeen+KYS5slxm+HatKjjwiAYY5SrCPNn8b0IYIpEdJSym5Ja/+Kx8+DRXnWe3DNkXmQPOoBifywxy3TKue2lIkyzHFNYO12Do3M34WrCbHM+HAIOX99+dYYTyGBjP8JmGqLbU+VR4HDQF449LPFm2h61/Esi5cNktbln00FdDWvKtOHbd+FX4W0Fadm92cCa3AM3Q1bgRy7Dej2GlNAHszLV+y9G/GhJE7I/Va3cTIfPWi7Elyb37FRMRKqrwAbhSh53suotpWcyPtOCnNrRZqzxMylv2ta9ZttL/APM0wjdlzcQOdDOxbLw8OzMjFT1FbPby7PpmrPnbafuvrV3ZmPiaRto5ysGsW4007IELchQKkgjgRW028u04Zs2tZ7tn45r61KuIxLy51ssRHA343rwr4MsiLe9lbSp5Ynlj2p4ZuXSs0bMjdVNqiYzuxChdkwOh5m9ZGnlMf7S1EwyPGeeU2rNIzOx5sb1s1nlCftDUoZ2Kr3QTwrWuNEHs14V07OP9a/8APuXFa6MOda+vZbn2qO2x7edeFAC+UVu+6G6UM3DoK3jVvwRlUZ+YNdwD7Vy7NK/x+HpWvCrjhWgsetan8PvA0Av37F975eP0r5aP0rTDx+lX2Ed/KtcLF6V8rF6V8rF6V8rF6V8rF6VphovSvyI/SvlovSvlovSvlovSvlYvSvlovSvlYvSvlovSvlovSvlovSvlo/SvyUr8iP0r8iP0r8hPSvyI/Svl4/Svl4/Svl4/Svl4/Svl4/Svl4/SmGG/hxxCobMyKLf+aDxYeIjy1HnXysXpXy8fpXy8fpXy0fpX5CelfLR+lfLR+lfLRelfLRelfLRelfLRelfLR+lfLR+lfLx+lfLx+lfLR+lfLR+lfLRelfLRelfLRelfLRelfLRelfLRelfLRelfLRelfKxen+qGGwkavNlzEsbKophh48P8PdZ2Jszfy1mltDIrFGVjwIqIRbAIwJ2kjaeQtSDBwrny5nMh3U8KlixYSKaK19d0g8xTTD4gGgC8z0qTB4MRWTU5X3k/lB61HFg8JNd75AdM55617RIdkoOVg3EHpUWxsu0J35wVAtSSSKFJ6G4+36dFGwa8psLCs+WW212Xc51NGoa8RsbinnmDbCZAucC+UjrW2w21XCFSG3WId78hVpIVE2NnOQSLcxi3HzsKicxt7KIdmrAZtmb/AOajxOE2mj5ppQGy2twrF45oLxZFiiSVe+b8beZpcPBHmVmzzsne/wDaKVxJnZGzBI4GEh0taoTjYyC7M5cC4jJ5VFjJY39m9peS2XgCLBrU2cN7HbdmyGxap2ClInlLRqRbSsRcSfAALbv9qyWkvs9r3eX/ADSSx3ysLi4sf1BQ5ZSpzKymxBrJnd/Fzc9jRSi6NRBlllvzka/6ouGEOa9je+pB9x2QXYC4FOxiyLpY0cPhoNrIoDNd8oFL7ZhdnGxy51fMB+nJ7OgeR3CC/AeJpojsYGjOV5GuVv4VGuKEUiS6Ryx6C/IGmgxEOxmC5gM2YEUXkYA/SD9R6UqT5SGUsSsbLkPTWgyNDh4G7jygkv426Uk0jxypKNgHjBFjx1Bo7ExRwhsm2lubnwApS0kGIhzBWaMFSt+FXlgXI7MqIL59OZ8KcQz4PNbWLK16WJhlkg+G48RUSFIdpYlmZSxA5aChjYo2iZN94STkax6GkFneRxmCRrmNqcJkRUIAWRT8T78B2SbBJZsgO8q7txyvWWTZNdM5VVKsh6a8aVZYEzyLmVQTuf76OJjfDYmJe8kYIIpZY9VZcwqPb4dAZxeMC+7/ALqaeF8LikXvIgKtSNt41zjMAzWNEyQrss5jRPrNvq8qZoJcGzLxhs1/WhIFKngyn6T0/QG9jfLMNR4+Fezx4bFFrfltGbk+JrCYQxyf9OweVyNBbkOte0ojrDHFkuy2zEmoMXsmliVChyi5TxtWJgwyzGTZt9BGXSok4wvEF08qwmaWXESFskYc9zTjUSdAUcePOobySzIsiiKBm0vf+tY3PG8uJl/JcJoRyXwtWElaCZZoL7YiM6acPHWsTiJEMZnfMEPEC1qxLyxSNFMwcSoua2nA0cNhYpQkmjyuuUBaxDSRSFJQuRkTNwHdqaDFYWX2iQEKgTQg8KEJb4myy38bVFhsNhpPaowFK5dNOOtYIRLIjJmYl0y6W4VOmLWV2d84mWO+b0rHtDh5c8oULHk8OLdKgjDBsqAZlqVv4gJ5J+6soTMpXwtWIxKYaf4yhY0yasRzPSsNgZlUiGISS6d430HlUuIxAeWKVbK6JfZ+FJi1gn2SIUvszdyeVqDzxnaYie+zHIsf0WVo5IzBK+dgRvUzYaabD5jcrGd30ras0ks1rZ5Dc/amlhllw8jd7ZnRvtQmlklnlXumQ93yH4IhgxEBjXhnQ3/vUU+KlhYRqwARSOPZK8GJeETd8AA0kUeiILDtEjZ1cC2ZGym3SgOnYjOtyhuvgf0QvIwRBxJr81sv7sht60GQhlPAjsLOwVRxJr8wlf3BDb1rbbRdla+e+laSMV/cENvWg8TBkPAjsh2KK20JXUE6+QpGdcrkXK9KOxhxEyg2zRppWeK+hsQRYg9uSST4n7VFzWSKT4n7GFj+lbOE5sUeC5S1h1rEf/UATBGAwkkiy38LVl9lnRCO862FY7DR/lKVdR+3NRWPexTDcSxNTrjgWw6pm2kkWT7WpVTCzrGeDsthWNhfKMLkExU8F61FdWaKRrFRCQEHI3rFLhI82eHbCIfuvamwzhTIti0yRlgo8utYfHHEJisLE2ZsqZWHKpJEy6KSLnSsmHjadNndTsiAp/yKx5jG3m0exTIxb/bTYZwpkWxMyRlgo8utDF7ePF4T67JlZaWPCEBiM0jJFnbwr2qaPZYqHfU2sQRTz7NPZ0ybpGsl+lZfaUw8x1WFoD/c8aljnQJPEbOBwPiP0fES7F5o5guserJbqKkijjkSWLLNaYZQ2tW9hxe0/bk/zWPfEgCYyC4HLTQVJOImmSSMA5NWS3h0qbCokkcmTaDbLlBsaGbBYraftC3HrX8TEqqmIOTKt7gDiBVpMFihL+0JcetYnETHYTypkQKfyxRSbCYlsQTd3UZ8563rE4cYZ1fFOWJ+mNT49akw6m2ZMoNBcRgsSsg0ORMy/ap8QVbC3i2Ud+91uaKTYTEtiCbu6jPnPW9YnDezOr4pyxP0xqfHrU52EksEpDBoxcrpaxrYJBJDA35kkgsbdAKjnZJZ8KLERp9DDnbnWHdMLiBHA+0LFN4+AFYvHPhnMkpXLCO9YVHFsXysuYycl8KcvC8WViu9z8f9fp70s+FxOyMtswKZuFYj2nE52lQJdUtaxvXz6f8A4KmMsu0eVsxOW3KmxGGxGydlCtdM3CpTi8TtNpFst1MtqCjHJYf+jU8k021eW3BcvD/R6/p20ILG+VVH1HpSy4yKFYCbHIxLL/zQPX9UP8QaXJBf4cIHe6XNe2DFJOFGZowoykeBpYzJZmIAup508is8kSSEOFT4YTz617TBi0QnVYgAwHg1RSYg7NmW5GUm1LAzBIsm1LWux6BfGkx7yx4socuzbTZX4GpJnw8axQNlkFzc9StGHDwvPIBdsugX707MXhjEgC3T4ZXxP6e7xR7VwNEvxrL7Mcuyz3zfV+2sOHwpUSKdpvdyvZZME+IRNEZbWYcr1JghBk2zEvJfdQHkKlDndwgVY0PiO9Rwz4R54gTkeO2oPWsRJHgrPPbKoICpbrWD/h8jXjSMyt/6jXp5pA2IjYZV2RytGP8ANbIRTJE5UyyzkZmC8FAFT4T2b8zdWUHdy+NYjJhnnSUhlKEdLWNPg5sOWncZdqCMmtWUZyq6DrWHz4UqJAS5zfl1ETg2BZ8rDN3R1/URJNCrOOfaBiIle3C9BVFlGgH4N/0Mk8BW0w+Bd4jwYuFv9qfEkOoTRlI1B6UHxODeKHm+cHL5jtlnYXyC9uta/wASwKN+0Lcet6lWUJtImsSndbxHberwYbEyr+5Y9P60wjuHXvIwsy9k0sJAdFzC4otiuJO7pY2qWL2jD4VYzb4ouW8fKtm0kGIjLiPNHo3DjbpTRJHNM68RGl7UsUkcsEjd0Sra/vTPEbOqlhetpih3rFNLaW/QZpQ4WBAMiWvtSeINQw4mXGYUndjtbIPD/wDtY3CfxCxVd8uPrzf5vRGzxTpcZVkK2K/zURF8SUsbQAaCPkxNLHicVjIJ37t1UKfKnws6xviVlWMMV3Tfg1qkvkKRFlJ2Q3iDwYcqxS4dcqNAJwn/AG24GtpIJdm6gBsRbR+unKlxiYxsTHpnDWsw8KSLFNG8Ut8rqMuW3WmnwgnZM3wuAQr/AHrAyIPiPmjPiLXrZxkzSW+LZRaFug61NhzjMXHPl1SVRqKUsMrp8Nh4jSn9lEzxxjLeMLbP9+NYbG7NYsWhUPl530IovC0YjExgCMOJtxJ86xsOJuxii2oYrlKPUcsht8MMx+1SYnDDEiALeO1gPM341JnIxE2ZcmXQEt9P2rI2OwgkvbKYmy36ZqkgSUwxwqM7JxZjUoGOdV7gRbXtwu3nSJIhedH9nCJ9RFRfAkjW52ghcFvDjQMj53BKm4sfv4/6+PFwoJsuhiZrfceNR3wmzjjYSWLjMxHIViJpckeIcqUXiFy8L0kDYH47i4+IMvnWJfDxbb2ixzF+43/FYGGeDaOko+IHHxCBWKEriPHMUlAGojt3aDy/wmN8R+8OLVijinX2icW3eCAcBWRsCrS/u2gyedJgXRUgBvJJm7+t9BSGeHYwRBuLXLE6UsBwu3CbqyI4Fx4ivasZlQqMscSm+Xxv1qXB4VO85ZcQX4efjUeJ9iAaNCmXaDUnn5VllIMjMXcjqakSKD2iBmLrZrMt+VR+0xrBh0bPkzZmc+NT7OBMVhpzmaJjYhvCvZ1wqYLCt+ZqCzeGlSQcFZcunKpIZsJnyxldoji1rcbVhsqxxTR5ZI+YNutSKMGyM+YXeUGNM3EgUZcPHt45FVXW9jcc6bFDBrmZNmqbQbvO5rDyx2mxEbs7jhmzcbUZzh7xEZdhnFx41LKsSNiJpc5jzaKPOsmzX2fJfPfXN0q+JjEclzoDfT9ASVZHilQWDJ0oC9/GgsovY3BBsQabZA3bvMxuT/oCjC6sLEUqILKosB+pLDhX3Sge2mmvbh48G5vKG004jnTQo2eRBvle6D7xANj1oy4lrxsNOHG/bso8PNM/HdGnrSpioJcOWNlLd0nz/QcuGbI5YXboOdSqhnmwkTFQ8bBXf71Di8PiJZMM7BXSXUi+lMuJkE6GJpFbLlN15UoSTEyzLZpckmRBcd0UI5JGiTaatnBcJbr51tZvaHwq91oWCll/cawzR4hp8Lid1dpqVNtNajgjmaWd0zzDT4ev01MIJ8XDjItSkz5gf/FRThbF1vl8a28Syfm6ky7mXoB/msPJjdokj3QsWzK3h4UZsMZZF2p3meyFegX/ADWH9sMqmQkMS+ZGPTwrbtM0EKlliEfeI4EmsRh3VGEUW1jKjLmHjUMkuKl2826zfRH1stQNBjnmLMueJ3zZlPMUy4WFTCjZWkdrX62qOTFmVA0ti2fMluQtyplw7mTEFidlpkWPlfxpI8bLjoZX7jbQZSftU2CfU4c6N+5TqKlTCtMxjQaI+RUbx600+I2iBbb0b7q9brzpYMJtWyb0uzbJx4a1iEx/eCta5vpyqDGGUNFlTPEV687/AKA8DEjNzHKhDHhcNu6Bw9l9Kjw8mT2dH2jNfWQ3v9ta2mMRYoxG0aoGzceJqT2HJior2cMcpDgWqeGdFhlgkGXXMOHOtiMPh4tMufaXA8hWGSYImHwvcANy56mpFwkEU0Tm9y2Vh4HrUkwWETTLk72kQ/zUcC6hBavYYtmqDRcRm1A8utYdMSkaRxMHZw185FGOCOPEYe5KXbKy+FRPiljiiibOI1OYk+Jpo4Io54Lkpd8pW/KsRJjioeWPZBU4Itez7OAm2Xb5/wCtqyMV9lR1dR9TkDnU0GHWMxyMSspaxS/hUWFnWPZqRmmzauB4ViWwao64nUlntkbrWHjdI5PZ2z7TPrJbh5VNNiCu3mNyF4KOQqTEYTI4ltnjc21HMGjBJFHh4m0ds+Y28KabBBHRwA8TG3DmDWzxKx4fDfWFbMzeFezLGiYa4zSZtSOlv0RmSXERZjciOSwvUmRpGMhzMXNz23/U5ijFGCEgitpinzbSzLre2na+K9rXCwi9hlBtb916V5kyt1/d4+4ww+BkZQbZnYJethPC0E/EK2obyPuPh8HGhaMAu0hsBelw+MjQM4JRozcG3ZJZipynUcq22JkzCQArrftwyYWRlMmZbXtypQ5u9tT195INXmb6E1IHU/69kwszSSC4nYtuA9F8aOGxYxMM7qcr7csH61FhCWaWOYxZUOXOFHM8qRWk2sQc2jSRrnoM1taLl2EqNs2ZtSmv9aIk9qjjZskZJvd+N28aTNOAhZlkZEAKZennX/UTtaCVon2ejyn6bVmx0ckqgdyObKf/ACawmIwk0jYWdgjRyNe1+YqSbChtn3YmMpSxHMAVgC9tuJk1HXnUlmdWayrk43NOsdo4mK/D25J8d6sXCZWw+zcM4Z75E8Gpp9lK8BG6NtlkZeV6weNwrSGKRhGySG9r9OmtOmFmaScE7U5txRyA8aWDGriY5ZBuSe0Fg1ewx5TOkuwRj0te5+1KPb8ULnSRohszrWIeN2Gzsiu0hUI3QAca2xJd0cPtFJ+Gn+2sT7LnLR2VXMmVYz4DnRxOJJsHB2kcncX/AG1KIHEcltHPKj7K0rYH6S8uV2+/Sp2wzYjDYyDvI8mYf+RSJC5hj2SySMve15Co2hcvBLIEkD6tc870qYfEl8XKzXXNuqn+KME3tOHxWXMsgnLZq+NbaoxjYjmR/rJ8PhWjTDTHNmucydbVFI3s2aAEJqd6/M0pWUe1BzIXI0JPEW6UqhYQqareVyq/+2kTbNtVYyZiLhmPMirxQYKKT/ujMbeS1CuCZWyXzLJ9d+d6DZl9sEu3DfTm6eVNiAcPncZdlc5V8aw8c7x+zwHOMvF28aZMJsZICbqshIK0mIxzoTH3I4+6vj51IZM4C2a6cV140Mvsco/7mYi9fxFMWyzhmUFl0F7cB5UIEOGYKMolN728qgildPZoGzi3ec+NYhMGY1hxGrFiboeZFQZjA3s3cJJ3+WtEmYe2bXbbS2mbp5U6tFhoRJpI6Ekkc7DlTPhyhVyHKMSLMOYIojEFER7bQ5y7sByueAqSbBNGRJq8cnXqDWzxWxig+pY7kt4U0UgujCxqGPawhcPqh1+J4GpmLQRtiAFe1zkUdKSXAFAVjEbJJwYDh96ibGmJI42ziOPW58TU02BELCY5mWTQ38DXtJOG29sirrlQdfE1BHh3Q7+aZnHe61iN6PZ2+F1B8aT2nKZrb2Xh+jWNfLr5AkCgkSBEHIf/AG5//8QAKxABAAICAgICAQMEAwEBAAAAAQARITFBUWFxEIGRIKGxUMHR8DBA4fFg/9oACAEAAAE/IT4fmx+XVFq+ZVGn5JcIZZhmHEeTBCX8NZV4Dkim1S+CnZ3LUENIwaX3OBwaeYTHkUzbOztld5Gn5P0kaRlxHYIG3WIJXF+ohn7QX7Nb7+OSUcJHPqGcQ2xKoin6DNZCCO9wPjn4GrFlFsTbSmPITVC4WYkEbxKEUHvTFpCC+0laS2SBLhxuZl/AsIFQahGYsAkx+CADk5O5cjHbZENCWTIjZRyRm8DMr16JXc63s/xC04ksej8IRcGECVGZJao+TKcA7QqClBWGIw4yDRaMXgol9T6WrlGw+REtJ4nnniOyJNbixpHveYs0uyESbSqsF1s25IwXIKNQBm2kH617gMMbC+4ahNfiGYFgHTmcYGLmWayjZ4iaGcBIAsmFMALS4blwgxaRWPMMIvxia7QLRNE3MjoKQLqgOgfENkwh5KPxMAPzA3XcH7SnRABRphGbAlfFTb41uY9NIyMGuUKQRW9RZhEqtdhzC1Y3GkLXVhAg0M+/msJihBApMg9wy6Lcf0MF8I/slOdItn0+SFz9D/EdbdBQ2M/vKjCsXy5IiDJH2xT+Za16o5sQhEwaJj9vVny9ywVRFX4lHhyjs7MIvi4x+Fl/AUjjeGWC7cdM21oH4JpMxgP3jPGuWDfX33Elo0ceTHUtxajUYwQczWH6GLsSqMzXzeiWaK62TVU+cRbAqxtvczJccVF2epkRSC3mH7xcvYEdQWLj5EtFmFH4FMenV/YhVsr27P7RkAj4/D+8/wBilmWW3H+HJ+GyaKAWrrMVEYpvjlYTSbdMqxcEFvzMqk5bk8znObx3P2zDEZf6D5hbEHZ8y8DpSTCn1aVceQhmIrD0xqloVRH/AHHgixzGXl+EasPM2ixD4ZXwpflAoVGnBLAPoEsbWIIilfKHMLVmXlSWlZ67jm8GIQtASCMYF/AfoXMFVuGncbQJalPMYz6YD+B5lR9WdZFjS7fevzDh3Q//ACNr56XXruYnzXwHg8TGEKKsni59xA5io/nTByRHSNtLjVwV+h+KxK+OOGCXFJSeLJuC7qmKVzEKQa/cX+0diBVeZ5JnF+jglVfodxDzQwzT5v4vKu5U7P0luCK5hNl7gGL0jGNRu8a8RPzMZf1AqFWp8/DG0SBKnEZr4JhBXeAP8RQFF+j3GCXUok3HEpFoxdEXd4U0t1ZK4mJgV6r4OvLGS4Vufe9+4IGpF9CuL59SsaWbGa8HbAWFSc+3zLAD9Bjz8b3EhK+R18rErxSA6b+ZZrUTtKZtMS58XI1NIH8kIqx1Fo6cE7F7hKB9SiWwb/Q4xfi5npHZMq1XeEIo/mogKSb1ElcNpYZZ9waDrmZLU1fEWEWiZPgxwfG/h2XKxKL8wnOUcvTMZQiWC7ugP8SgoKtYo6nDmuUeUuELW3wsQeSVsPuJhoMDD6gXCN4FtwuKCLmznBLrW1sq1BlfpqofFDMXpdRerWYNyoRSozPAvqZUHkMFkrBPTSyGWj7m0HBZM3B4IhIvmtx7Lidd9sLBDohFUvh8pnYQ8QMNYoDcS6hh2V1Cy+Z+I820TI8RP3DbmYIeGNSiWwzNItGZ2SLh1PkJUySk3ZQXnidOdYXlrM8QdoPbBm/SCAA6EbQyqn5NS8fQCsPMwJ1VCoQj6q51MpyFDJlG4LwM+KmVlWUU7ZssoWX7l/X+DEHX3CU41KDdRaAaDxEqn9CkFZh87AmVopeJXS/ENxvcW1cBImXITJFHMI1nyy6xiFRdqUkwr42jsghTFqUAbY+aF28sOtp9Ydfe3BMNH6lEYY83bP7wmSktRWz7O4ll6JtCviDIrYS4PnuIgETYwRSyc7lnuJQ8RlgSxUHyEXr4jZx5hQzZvOXIP7zivJxptXD/AHUGpVUX7sIKFTpNePcB7UF3uEVcNGogsfJi8ykqmlKwO5tsjPFeUhEiQaFGochjOGycI5cHXJKtYA83mO/g+IMxsMh3FOYIHB3OKQsHRv8AaUMhpkpwRWg22w53qYKIn+JoLoSkpK5yANRKDFHuUtnKwDqztBTcGCWEF10/zMk2OoCuFYxuOylKbqeknsRPRhimGKZHGUGroVzP/mOLGHZ6hugI2+EONyZTd3K5iVCXU1pcv8TK8lrXltlwULuFt4ch3C/kFvEgqHojj3LLWqC5HKxZINEooJg2BbpxYOCY8iWTrzc15HZH7uQ/hvEdciwwOKiJ0LDLgBTwR6Gsf/YF9ZIVwfFkIIrSoRBETlMDvtLhmth4lC13PIxGfyQhxg0dx3lrtmnbv5ZYY+TLqmMTz8tsS1A77cCjCPL5M7yuIYnVmIoWkXtA0O3iDd1F1sjNBp4hYE8XxH4viV8jLoZElTBYgwaT94bd0JbIdMQ6Wyz4cv4s5bS19uyCZ9VJj+GIMGQwQYoNaFar2sdeKm0t2LGNY37jA/eNccbR6WdxvwH12pS7cFz7rqBRel/k8xHRXLWEFPCOUb58d+4bt5aJa9p7y+NtzH4LuEJ1dwu5ekU3uJ1lHZlxhb7gp28wzuII8DcLlOiXEZaHRj6NzHu7YRzeKMYDXLCwy66gGDmMgFXkhLHQJbgFsBchNBoNlDA+VIQaqBA5MSqRzd9y+Fi5wyNP0sugXRLVilOQQk3BkxOYUqbXOepe1RATSM/vOr0MrNWzMulx/NR/iMm3WmY+1jdBz0AOZgKGcbOiNfaQzW7md3ZXLqXmNn6zotTN1zpdSuLeohx+6XoT6TI6+yLkB4YoDmVW1C04JY1q/gFoq0PMom+0rMt6iK8k79oCrNiYdQBmVaKfcyAOFuAakAGq6Pgyl8ASUnBGBfBFE43mZdcNHcQ5Lqgy6p8eZve4WtpUNwIZd1Ayv5CCzRXCtZg1QPMAK3nkTssTboBVrMyipBsyTEKmhXKVVkAoXqZrNkwk0qnma6u02ykjRkOvMap+okD4r9FjLoi+FxAcr2zQjDn+lgNE9y4BxfQmIy5Mrwmy/Bh7F59Qcd6Quyrn71QLaHomkn7k7V4ZQIaLcfEVIG9TEaIzf4dTPWW2VsM7eWZwDyx9BDxBE4taH7id5KOWK4UketXJTDOpo/xOScWwb8Q40OhxCgeYnMwUzEtB+GNRRwjh6+AYhLKBucuNcPEqa47jw0BYaN1tDEU1+kKdjv4EAFXARS+Irj9Fyarcvajy7ldfcosgBTzwkt7TANb4RqoIIrYacIWGRdQNrPKltkDULHXBCrKS01B6/dLV/SZR1L/lEaP/AGdak/flLi3N/kAWSOSAlFHuM37d/Rc1RwcRw+BJjECgid5PE43cNYj5hwgaa/DHLGJ563Kf4uJui4PNcZj57BlGsv3RbLfB35g0ShQgNqDZA/CycpRHJnxHl6fS9SutB7P/AAnKiV3d9S32qt4RlQ/A/eg3UJoAeJSBnqIuDrHMzYByhs0Ey6QHg4Vz8yu1qZrMdcY4HmN2isOQjZpFirH7njPzO2j7gePoSjKHmaIe5rYr9NCakuX8nwSoW2Ok2CxmDbLUTCJ2cS5QKzADgE2BWiNexuw0SHHbMs7yBcypnBB9OLG5xIXlWWNtxcF925i7rUX482FEoQnDBSVKx0USvtDqClyuxjuhJjS3FpumfO4lmtDBWSOxBqbpcgkWnYVbUNLm3bBQbnnphl5pZOs4qBGdoLMG/I1PHuZGofscn3gisSgwhHWNEn+hjcr83EfLBxGHXzf6RNRWCoxgwfghMdcSm2LL3LsJufRKzde3cWio/wCyZYJS8mly4gShzysKyMcuYNLLAArkC44ab0g+vuGiwZZTPuZ8GOoVYM/Az7DuG0un18wZwaqqcErUVWl4Rw8pecxMuH8/Hxn5QbRn9k2lvGPG+GEwQF/A4T/biatKtRMeDgSh+82IATyxlo/gQ3JTtHL4IE0BRL8PuUdWdZzwH8z0nha9Et7h8vwypHanuEEt/QfBLMWLihIXCGc6ztTDVuVcStcuh1A6Xy4iO0r5mBLnMEBdDh9x9AawErC2NcPxBXiJ/uHDGFYJsl/Fx1B0zZa/JMBjiwrEM8Jg2/fU10Olt6JTfk8JSy/m5KVm3tx5mc1hdavy+fMUzmhY/wBe5pq5GdwC5OPKbw14QD6mByzDimbUVesWWrzMAriEPoHcOd3OM81r1PSPtfxfzUdEuZT9BVKlQcb1QbsdoqYHcB2uEG5Q8zVDwQjE+Al4hK1CO+Zr49XFAaMmVWOuIeD7Mwutx2gnFqIbN8vwP0dd07/FgUAAcSXBrjRh6/8AZkFDHNQUfKpVjUuV9TfHhmyTH/w2/wAbIh4Lg4PmIiyb3DxcAEvONqGzhajCUdHEwMfLt+o4r5u328RXBhGmPbM4LrhB8QFBtur+JX6BCdcaHwYRQQs/HKznEQVoaZbEAx5iL1OREr9f6CBcuGZqM6laGjjjiCJTHBz+0RKG1Xi5Qxk+42ZGGaR7YgjkX0wCwDjj4Yw+FUcMGi7gmR822VZNfcHq5w9DOIMrt2jaUVCiraN/cFFtN2FJUl30C+mPQO0jPbRhsxE9J7wvHaRt2P73nqYVHxLiCS6rePxDQOqLs/YyuCLwzq4grphWvsy/0OvgU6hyq+aCq+q3DgK60Y4p3xCrZeNk0OZHHP4MlBXo4RlYCzJPHLqL84fBuEonIvUWtbWibUG5GuXXWpnmvxBfmWM8mIinil25+QtmEuWpylClaSAAEY85iJdnEN+8HzBYOyVuI4FjDWoptsHTGg7IBT0ROsWgMZE0a3LwdWncK3HJxuWsd+TDpVa8LWba8CwjIF/6mXGtVbOHiMLgl2t/pZSa76QixHiOb7EEW2d4zjqArJ7lQs0ZY9oJiyewgwFO6xLJYntjFG1dJRqir7lVRmri3b8MPi4QApnH6wQ3Af75lGsp2S3p8M9wcwWv4ZVsITqjKiCgsxBs+IGfBwYuNibZshKxB7TaF9ORa5jKN831ibK9lf5Zag7t/wCIGV8w4g7qYcB+yOkUKXx4hW5V3Ks4vs/ci93l36hU5XZQ9HUc2bVk/ZzM7PCA8EuL8Pxox6YBCzeAQpXqkGlt8E0M7DCx42uNfrV4z7Qit0Jz6JWiaCwMzS+rhAQ9aIl4DnW4rwfDCMFsTEYu8g6mco/eYGucLuXtpmOJ+UT4DvIsLlwyyknESjmclYEjtrF5gpaSVoR2uJfdfBCY3FBN6PUPaY5hGT/YQ6GI/dUu6jaouUCpLVfuZRI3hqIj5cbjVAY3xmKDfOl2RkeQs2RCDQ0n3f5hug6J9xCgmFlNzMqBH4CCD6Nxlgiiu4gY/Ul9N5fA6YrVwSeeM4Q9aiihgL1R3EV649QfvT8S/h38NI6id+hmzsbMWAXGrXvDfC64JtLzFBeBMXgW13DcrlGCZ9iMjojQDthFIBeWNdQeIl5TN8DubDxuA5dsHKQAffEq5Mwo0w287MIY3znR4/iJXad16OCAsbLCd/6zAphWdXzCpPl7iVZgK/B0ky9xx0fDiWshvur/AH3UbcYDWzuuHxLc2t/LF+CY/H8ooyOobvANBx891BrhLyV/H6Kzz0TjU4GiBFj5r5OoIiH7ERpYbuIJyzleWbTeIcqtgamR3xcBcdGqVwq5v2IwwwAFU2MHMEfyS23/ANJ4QiTW5VXXzI3DnL7lsNk6AfUqDqrp/qOZTVTIr9sLRCsVY4PoZhDydHgJwK6ssd3DyMVh8ktKuMLrpMH2A7RBaPP3n14js7N/oYEqZJPJgmcbqYIndL2o+oyB60ShxnSZIhov5Mvwq2Zp4gwJkyIh+wYOKPQXFS6e0xi9cwP3BxDrEci6uJCIUpx5luGntfUMXBoPhVt4ngzUuXmty+pdJyAl6fw5iTT16gujkVqLYzy5GP16w1BUBPS1FUDRCsVjMogaXPMQbTy+yJy9127vxEt8sHL3AdIRT0mJaNiglS0WDv6jV4UP+nPww/QqRTlgmv8A2e4D8BoP7TJVHnr2mRx/R9S9aXoUQjpCnUwhi/ULlyJFd5QbYkZ8zC6cyrdkdJbGIYPCViDzWque65WbpLe321Eq8FQKct84g9q6E7SeCWg/nBdqcsAbcJ2UpKxTcQmxxWfLv6qZzLujh/EEC6HdrNXxB8ltA7Q/+yxOrK4UbbhCypBe+yzpidiRJ0GOr5h0rVVU8S+GhYuiAIuWChmWlIW2f6HmchOlxeBevcENpB01oy73OWFJxWvBNIQlsP51M+Q19jV8d4mrNcN71XuW4wAD6hpmC/CDEpvBqL2wRWFsAXL+IF9s5qsUxbQehss58TGW4Ww7oNsL2KWtqVIXh4QgD4yK96lXKAuKyUp3LSH2alYRvqVGV8Wj0HlgVZGqml8cIqVFjNJoIMlS83zMiukT9l2f7f6exguWYstBEFgqWiD4o0Oo8cvZpmDlfDrLePzLYDWjq8wFhjWgPqGn+sKk5bkdisoJySqB5V+YxBOE2x9y03fyrjwuuZlHopoKxX1Fd0IFuqCZcRoJXdzvP7RXHRCeHo1vzL14vthWfcQnAPRT/wAJdSlNNVfiplKBFAaSrsdHDj8hEMqd3FevsgIp1YtjsxCdaGwaXlmwpEKjh/jqLeToLu/M/eY06khdzxKelzKEtgK8W1FccCUJQcyBbQ536hc5CiRk6w1MGVWNR/CLgUZqvk88dzKGZWw38E1Kwo6FMttOUrfEzK0vEUqe1TBYMey28sN4riGVWJ7TROabliQ8XDF0mDlKbbMx+BBkeg5ig6GD1B9Jieih15eLngQU+tTUtKZ8lk/NSVRu4rgYgZoeNSq3qe1ss6mJS65lR0MVledy7hzyQwQc08RrMOmpqWj3XH8y1vA3K9wxNjfuCFj0yNu8RCsc1U9MvireV2sGKNZaj6l9yXcBxIpmB5OYMTsCuPQ4lab535mJrpbTMl8yqnEU3m/dKwA0spKYtBlVdMETha3rmFtGtFIyvOU2cOo9kcLz7uOO7LrUr1zBdLuYsbYwX1ACi2EPRQVuTDFLxZWKDwHu9zBNKsokbBuXaBO8Vwzgy9kJe12inqSzUulX2Rs4DUUK62a7idmOg6IL5PtgPR8QI+/tAXRMfBNKYVeiEEpv0mSgfUqymTcDHUxllHzR2hxC8nEM+OBpI4za/shX3Q5gKG5KlNyfURWfkEwcNrqBiAagtjeLZdhJkzBI1e/gIKQUSiM4ZqLyJu4l3AD1EPP4mFRYjpS+LR78VxDuArz1EBq8xob9Ti2VEqdQ8GCMs7VMWCr6QrLW2ZB7BNhGAsIeHMb6jef6SWOWAHINFxXIIoUdzPR3BvdkvAk7HwKfHgmyPUz1H75IRtH6f/xSpYpw1ihdt/XS9T1LV9y0yh6j0MHki+5AtfEcG2XQu23/AAwE2fIebHUNlMAi5sFf2Rok2Ob0OGVw0z0rPjrKInF2s60YIK4XsEr/AEUc7rfPHNFSh8erNt39A9bkvcnYPbR0XWVepeCtSxNg3Rq2IacG9oHmKDYlXr2Fl9rKos1hlWr9Sz+ivVEY7AgZG9o/JmZx1usbXYR3WJeo9GIt1Ozm41S/rW0+TGPGFG+xV5vEvQeVcU7XTKskQgJhhKrZufaLzAo/oy7LFtCi8vExshhtfn68w4Er1ipw8zfasw9xTQjuMwUCwrfRnPmO1JAbFR/+iI9Xo7BXnbcokUcNLDlcaIWVXgQEuKIqLGONw3ov+xBljOX2bwHL5ltlkNb1ydfUpuoaktwtuL+4gCVU7Aa1UbF5+DrNcW2ygvwF5v8AdEW6vPrx/wAIEBpEhRxEN/073RLmYZQ4dvMItEreimmmZuZyB6gvJKnM0nOHFxR0S1Z/pg0zWCsKcVivPH6C4NoaF6lXZsSo3xkMnjGYO8eQO6zzNHRp2OC9O5Vkj4nVFxU5xnt/RxzKAc/RxGXJR3h6/wB2ZNPipWwN1fcxDmmR1YxmFEdmnAgXDxEuTsefEKtypkOA17Skn8aNk7GZb2dQA9nU7YBuVvLpI4S5myAwzVV28Q6j8igPlp+6ly3KvH9jmJrXxE8258ynP3E23Rqxm9WWeVRqCWYvNquvMnE2FCrUELvivgAH7hNtL9D9L/EtkZUMbq+fDMNWU8lXGBAtWq8av8R6J46dhfPsj+rICh8RQpmFP2yd6Q1A8W/mqlzxO6Fp/oCwBhRWHOUNhaFpW+DLzAWh2TPfO4x1BK6B1UcDmio1Rj3JRry6lRpy1FbDelgsBoFxhUz/ABjwy3UMod9y9i/ENmjEMfYFlDRdN56iwbhbaGzgtzjOggaJ8qalvgIqQL8tQUuRWgVGTWJnQA/kqvKxtKr7CjTX/suKRy9h0VzMRiHfwX+ZYB03Xk4N5r3LBZXUwbbyks1KMShhyquplxusM28Vr5zRCPewLH1HrzNLGwow93KoocRaepkMzmbWR1l6N/tKtM6gPEzXmYx8u7BBtRW3uXAuFK4A+jf9FsS0vRqkHVYmOqyLPdij6jlr08OuB9TMWNVp2rFzmNop6GCDGJxRBNmK8xDmBUFol3ir4W7zUcfACY7fHxXpjPjVWLpqFPQl4PnbLS07K4gi3QrPwNi+noq/6ExEzhYXQTm/0fpC2TarEj1hBjtdBEsneT+1UuoXiOPdwD7R/wC1My3V2MpdxIbkAKWdmmVKr7SskbfqV25unmMEolaLhOH5rvwu5+MjnEF2K/T/AMGBiLy/74JLVLgwRLIMoIQfawGdxqArmIJD1dzElxnobDxZE7LK6vlDiZYi6LeUtytD8NX6u/2gTO3zKmHTQyy0mYNo58fmaJ3TFbEPP9pZMxeBqv8AdqE0WYRFO+L1EsBxqWMW9SpQ0V0mD3P4mFIGxQqnpgyQBmLcDVf7tTPRMqpdKZ45GfkAvVQ78yyITmA7OaTjzDhA8hil38LVQCSLmQ+j8JVMdm7CzwJ+oU3DWP8Au4S3LJRCEiERgqtlMKqlq0LV4uopmK8VX9q+4RDc2wVyeLlCxvW0fsoYfw1AHHrEpFuadni9V5nBO+CyX+fcM05nKvFqqJJZbCes93lmDdIbrdPHEuUelYi75UNHLM9+xftcLYFFw+RxNwK930tZ4mDdIbrf2cSoF9Kxl3yoaOWbIsGwKG6xuD3UZq+6z3Agqi6x0v4ZhisVgTnO8wQCCymIvzlYlkT5B28xcCIcZw8fNEVwmhBs/wCwobixcZM/G2aYnKHEwl3pRTxLziqGsYtueAnh/mVK1tp0NX4jKgSIppXW5nmHEoW72ynEqMdfmAGVdpFK1f8AzqiJdxalIU5gMSkwp/1lrcesyw0TkJwPwafiKGIjAr/iTLw2a4BBjVO0tcfgQRLoXkr/AIFaoisTY6hMiX5YNYjxUP8ArWuVvMsHzEfhzkfmAn6VQrohWysHjdW+3rRPbrTShZx3FAhBQXQuqlSmUaTnuiO7cDy4Td99S6XFYZ05Dsl8MHN3A8s3xK6lLevaG9W16gWMLTXY6zzK4/WADq1z4gNpM2wW7xc/powS3cejHeGXFEwiqCrH/Ym0smBC+OvhuwU/SvK2Kl5keGL/AE8xo9ipn15uK1kbfYuhcJG2HR25tHbjEzgqjTY+3B9zLYjC0tBcOZoB/tihffOCAF3zwcD0KtephY0HngHAbzP8I8kgBuWs5UKr55XvEquG7hpkuNbiB9LEOXeDiuIF0U1lLCEdGSZcHm45g9PPcwzn8s36nmnZ/wBnT4Cqlf8Ay6VHsz8kIXdGoP4NDg/RW5dx1Toyz0m1IFg8QW2/9wWQfMA+FToLXohHIpuPYo5OTilax7uI/qGwuQ180UFK1W4JXLjkh4hTuBuwSz8nySLRD6w+XrC5fDG/fQfh/FEuMQK6sXGCbDG7ldSArh3QsIEnqbhtsbGrmwHVD2dTjTeDxHVy1M5zS3BncyUZNbIssL1H9IyQVssHF65/oKRo9IIrldBXcwDFDc4vlX90ssUNRKw14qx4mhLTiJgbXzHGxTXW2A3+Zc05uOcUs+ljLRnYM07BeOyWXPQuMLGCddzgkkqRwXxzXiVqXNzn2FLa8Qp9Ua1aWpirhC9dyQusuuYn7inHLscrzmVLCe7wPpJj0XNdgsFXCxiX16mLAKT0xjtSLQ9qgzXeF226jGCO/WtgFCK9weNNMJvR4EsuBBgW1j1hlY10nGzHcHevrKOQf4jrri8R48Nr8T/JfuIlMdmFRdC6AlaMHBncmXaI8k+05eiszO5LRXo4dxGK5oadHw3/AN9j3OHLNcVPM5isW0lGDPLMhbqquwubdzP9lGIbtsIhIGgDUmb/AITLW4yAavXm5huYaMAvOm/cJLO9vduYjoPfLOB3ncxgwreP7vqYTJyXYC0L3xK18QAZ00VBnHKQGrNMLij2p2uUY4QHYLeG3hGgFL1S7dK9wBqMRdbXiH5VJ3FqHeeZRm7SDWGAIhVFxyTbCMLPRdCHQ0vtm2F34EqVpGV6KZMnqc8xSwMfYjIb2NdOysxHpGY0C8NnEItxeUvJ5t4JWq4/V8h1WK9Svy4F2fjnqcqtsCiuyBP8tTOEwL6x2WH+gOpw0WrY3LoTALbYncWY7ITUIzPaPvr/AMDhyllmcIYPhVFz3lZiWKg7gyqBHUD+nLUfD5G0kKAVq2uUrggN/AnAFaYLLPHcoSOivoX34ltv0Vj2FFA4mDDF9ghQNFBv5ZxUFjF+VEHHyjehTT7/AKCUqlszbp5qVU0lxu1utY3Ft8Xksh2I8SoNagZF173HCgBM892TOYixK9FLH/4m+dU1HRt+pt1cLGyNqa0zOSWfcTgvWZhlIJf14V2RsqIt9j8xqkWpr2p5tRjYty/kNd9ShIase1ApV+g0NAPxgh51AAPNanOll8VQ7usxW/nLBLQHGiHxEyQ14HmbAE+BoQzUo+4IVqfhsyhaAW1lpX2lxS/pkaD4ZcUJPcR87mDQgCFtp31iVmXsMiVbyruFoJKkIMf50Td/aF0y17MZluJBdgARtdt/0AFSMblwzW6fldjf1FV2l7a5XD+yDl+Qx1RrqXHXjPBU1TondtoTLpY3TE624qHq6f2ngQLco6OWvMoq9+zimhxAhsL3o64zyvEZVyt29sVhcEZZv/ZmbPYfUorH3Aq+VnjfCkmscpZ0Oii5bc90dasUkVsDHe1t23mVauZyq1pu5RXImQoeBZdTINpydt0yltSxo87o2aYWswqoCJaPY8eIIaMKq6Nds7iSgdICg79wOTvDIehCcfsPkCql1ncexR6HcKNCYU+VUEautcgKNK41X9DdRbMdoi21OQTTzVbgnb8B4EBOiZyis/p72ZMIQuDQAZsDlmjbxx83GtXYFWXLxE2tjCg9TYPmAGoWa+DVgoz0HMvewqADdGGAE4qgojQ8D8IAZY03auEsRyOfgixA3Ktx4a3Nl8usDjHym/NDW1Ybp1UA2QCKty/qIVyYP4IP+8x8FZNDZaYB+I7OACHR1fio4oDR3ngVSwIXfVtV8Ruol53Su32BiJnaKqrdi26qoUVHoCo8vpMId2+o05zqVXUc7yB+5M5OgdSzIjslBlKmIb3Ge+pdWP8AIxXxVxb2StqBR77gTslsNphZeNS7PzwXLzN01G/sC021b4LgK7EmXW2UDMbc4zLuM6rFhcpQGzinxU0BS+NUuyMquWhtHyF4uXKVUr7yl3bA1Ll5cCKApzLO2kNTaB63cB1s12BXFO4hOO7jzliub8wUqo5skNVmrLvCdzlasE6s605hDdDOA53PDKpadcumuRg9xGcVhHL19VF2QdKEVf3/ANxSpbMn+T8xdq1EsU4MY4iGcvqfSeDH1F28BVjSeHUK23pF1vLPE2brLl8pgZVf8Hvk0abinO/IyOfoKiAwWqw0Hl3eJbKohdxu2gVxLwKbk7aWXZLGDVmx5Llix1CFaAr6bjaTTAEO6qEQptpfyEtcUUdC9/uadIb8seJlWiIZvMGK7F7iYGyuDqj1x+8EKFgY6Vh4Ym3jx5bDYtGXBGSVvhqViyAtLP4hGVWWYVKoaxA7tRYON5OiYnRQ1iFOlAtqYB4K9xXsFYBXu5dy8WBXPLNCBEMi09KcHU3RUYOVPHhhygPenL2wHUfi3yAOUeblkbZrTgZ9LgIrcebx/RgQBHCPMSNF/wCABqac0HQf/nP/2gAMAwAAARECEQAAEFDOGsHhXwOjDulVo75Wq6uLNrg4uMWgLHz40p1d4j5Taf8A7uQhrGAJFSht88a+v64PnO1mgZoyqlsX4ZypWJAbjjB8XiVZhSIvw4/Bu4ZuBT3qL6b3VWvXNhQKwsM9b+FEKU3ip5w90YNYZUPx9nB0/h9v7NV6j5ZmE68SK7hORrSGFKE/5k56qIZ1ftg/gxcX9wh020ozuCtEcJPvps/2vHeB9sbKKE2/tDH/AEsZSOhVjWn36gWqG+cqhgkwLu3iziS+Isc7xrGvdFD3WlhsC0pD+8GnX529nID7/L6y0opONoTtQaT5HVPDSV6itszqQ0Lw8e4Nfyi5KiaywSzxL+VJvfJpZ6ySumdSTc5JE20z/ReU3H8Ep/plbJJ+Z37Up3uqxKuYEekzcaG7/pk0p8E2TJQb75ODTp6mVh4MXtrZH6R9tVZfKknfUIBT7YeN4+W3bSroHM0eGz2i/iO//UJyPr3mMJjy888888888884o4c8M1cEd/8APPPPPPPPPPPPPPPPPPHPOMYyzkz/ADzzzzzzzzzzzzzzzzyTwSQT9wrIvwwzRTzzzzzzzzzzzzzzzzENTj7epTyRzzxj7zzzzzzzzzzzzzy/kup3xhyzSDxzzwfTzzzzzzzzzzG7uAi+xxzzzzzzy8YxZbzzzzzzzzzxry8N3zijjDgxTD8e3e9zzzzzzzzzzyuhnDzzBzTyDRZPzV7zzzzzzzzzzzzzzyyziyBQQ06I67YDjzzzzzzzzzzzzzzzzywzzXzbfI8rjzzzzzzzzzzzzzzzzzyhDHdbHE42gDRQzTzzzzzzzzzzzzzzjS+SGNVXTTzTzzzzzzzzzzzzzzzzyxgQz5vzjzCRgThDjBzTzzzzzzzzzzzzzzzzzyxzzzzzzzzzzzzzzzz/xAAoEQEBAQACAgIBBAICAwAAAAABABEhMUFREGEwQHGBkaHRUPCxweH/2gAIAQIRAT8QcWxtQ8CE8qIXnO5KZYTbtjyZ16gJ1/7zcb+RbD+CMg5Xc9CRyT4XzKQLw8SV7/qwgsqxxbOU+kLYHsg8xg4s6Bw2XL3d5JLgeIghjJGZY7F07Y40Vqa/xYCOr19RdO3b4LadJADiZUbRlyQePU5wkZ9z3hdtFlDgjLYe7HiDHTtAe55BpiI3OLOOlvGsCDdXiTi1OLL3KHBYXJjYtwdffUiFgHkknp94e+ljGFx5uYdE+uIeIbZL+1kOGetJczT3Br0j2uM6uZZBcGwXbQIG/wCf4mPkt/ymXWIcDxbaZcrHrOOBD5SfUYYr+JB0EFmXJOzLhBdAjD3f4n0eGch6Z44eIb3ZGSqcONq8XGPT6lCCeTzZZm7elAa5iFycRxlgWR8WTzYsYStOtpwp9uvlZsD+bkSSWCH+7ubjXnzC1N/eQpeHT7lYOQ7QT8ncmlhwXAjN4gM8Vgcd43oH3IHOXkAdks5TDdwH4QcjY4mH9R52hqLx6IuMYepCMDZXVZPy5zAQcxw76MsAM5+FAjS3J5SYPLaxsBpIGmf3cAHE3hXm0abj1er2olz2u5x8vybbk1TPsnngX6keus9y1vL/AL1bmiFDuGfQk5u82+9tTlIYcJ9oysU7MeEQwxyR6JgxDat/pHvXv1FZy3zcWM8piFAJz3M9W8cbbKQdZIjjblhwZ1cyHcjlzVm9Hq4f5YeXe5jnuz7sBNg9Jufm07ZMjTbO1+8O3IR3LFuJOMajPWWpifRAcdGTkymKi/gnuvi2URzeOY5YDnltZpeURs6hPsn6vFzEHSPh2mT7kLtlfNpeYDtmM6S4H/Uw98QgcWnMjxZx6vSSZT8SEw5jHaLuA52zZtdjuZGfAzMgHyGD3GVCYMHwJkyfHbOCv9f1Led4Ub6+D1Ab0bOc/uE8tO8NsM5WNwiwAx4/9y8nfueGBHmjn4bcE75q/wAWcD8JupIYm3iCaeSDnU89QQ/esBP9f7l4pmZHUvBYDm/zNf8AzFfcyc/gGG+bkWTMLD1x8eY05JszIx5ZedCXHgkDBbeDuBnLmfG5MGj0Ea4OLVUmZW2Hbjxdm4myruUSW6/8Ts8fwgFgZbheZlzbMJYXQe73y3k+X1Z6sjLYN1tQnjYxAIbaG2cZalb0BjiNlVNmKDN8QErpkoYsgtkk6WIeOGzqLknqeYnHzCJpLPWIGZ8tcBZO2M2B+AaSOPV6Ww52MtgE9UQ8ZZQ9yC8SmCexeAS7FOrcLgXWEjdJt+7fW2DD41zLsN9LfuUncLO7v7jHtDPmX7k8oSYd3jROmcGHGXEYN882ru+y6BuXcZ4t8S/f6OdbPDpOmXC3+nDblxdcNmEJmNvGfqFw+Gc/DeM/TAsB7sHj45GSAZa/A4/Pg7nei6ZyQ8fjRT8gL1JkgmkuFyk4GfiDWzm6XHZdvxreJw4uYCWvX4sbcYRz3cJaHX5DuUl38QHmDLDOZzptDr9OG/Dh6m5Obf04b8cDWJ25hFy7n9KEl0S7Dlp4nv8ATkuWu8ynTCeCe+P1Wjb/AMj/AP/EACMRAQEBAQEAAwACAwADAAAAAAEAESExEEFRMEAgYXFQgaH/2gAIAQERAT8Qg+i1mwX4T6IWheoGUNqXrPgppKEfqRiT48jnGH5bp1kvEmMLnY/AhLofdmMGnI7ccYdI5McbeHZL1BPUCTvLrdEY9ZZzIXe+WhqPbYNLzsfpJOMPZ0/YTqiln7BYlT/UIsyHnbwyXP3OQ9QlSOM6nS+pg8gF5ehCbjHnYWXT45m6dg+q640bwUxHUwUfAC4xmlPD2wdUG77KhjX2TsHcnyIJX3YHLhYfcFcIX1v0si9W+jf+SgF/93BtxmwAW9mYgyO3TsgTlsVZD/k/rIey4pHAXi2deR/Jp9R3VvpibrIYNJkRphoCZwJX1JcG08lf5mcThbLAyBkE8ZAz8hu+GzYwjXIYux8INIb1gnLWYsyHBCFtVDhIK+TmYRvvwpkg+yPD1/8ALC/A+rtmwQI0n4H0jA/ZalOMBL9Gts+E2OxTq1oPuGuNx2bX9tdH1kwfWDbK9ITuQHsgNYaeNv1a6upwcg8eR2h+LBk5D9WDWWzk/YzPv9hZbTNgLkNm2EHPJTMQAUDVnL4Qn+5/0l/Ix78rbLw+AGrAvkgvAngCV4vZSQUBdewCMATshn1Nzk3jHl4tOFi72BIsDT1ktSJyNi2WW2/Kga26jZwz6jyFzItku2W3Ea25csvJDXbxeuEY4iChp5KHE3vwvxevhtsPwhcb8fzmwHbVyzmR52DPlyfpJB0Y+2zhBPZZ5aHLJjPBC0c+MiRQhuSGAnZ+pkuMS3cxNsflNxZ+JM4/4DLk977KOvS5hI6bDdvCFrMJn/nxs54zjZVmhjhjHT2AYICA/wADV9SArBvXxibNeHlw27cjJ9rLEcgmOkJrs90QJr7PWvyA1ZLNvax+XDz4w3YdJtdtQAkDUwDfYjB2StsnbR5DCfZN4EQy3mQmXp+BOsXjtng5FZOoYf8AUEO3HYZ7cT/gBnlZ8Y2N+7pMdksbIuaFniXGszm8g9YHxgXFr7+Iw7bBYyrLLO7bnlvPjbGzMmwy7bzksP7Bekt4uQDwkRGaSbOowgs/pffx2yz+x2/3fd92f2tiz+utr8N2z+Df59svf5R7/Jttv7fdv8bfV78H8b8cYP49+Evuzf5GyP4lt+O3f7G/3WZsv+f2M+c/sMFkWf3M/wDI/wD/xAArEAEAAgIDAAICAQMFAQEBAAABABEhMUFRYXGBEJGhscHhQFDR8PEgMGD/2gAIAQAAAT8QEQTU/kQVF1klkEGWBvaYfSK0nmmZ5/AAlCO4UglxstqLenEeWP4JEkb84m5Z6jVBApsaut+wwbOHB/nO2NafPxL5LMp9lcQtk54Sj2VjQRQV1EwcVBbKLTkYTn8zP5VbhlZSncqluEZamfSl/S3aWQgQFjAIQxoHnApap9IuweyFRF9xh3KrOviBQKqi6OJzIzA3NxOoc3LRerAPJLsmxCZJR1MSrhJCJKi3tlUFupsseIBbuTH1HqttBat1fdQB/AhLDi+n+ICxC5aLs+mHao7Q/wDahY3dWo4NDgvBFcyjcsR1Cn+k5KH3AYJlEAsfizouCvwPikde0sDymygzcLM1MwjqXQso22qcVLNzfRFqBVUyTj6REAC20aI9eo4jQx+/whZ1QXKfwFEbAlmMxFcWu9lqE+IDqFTAiik2NSyri05JTGRR55K5vZLUIJNGoHxSLqU1CUou4WxeT4RcVkVllUg7iaNQLKgjXUJg7hAJiUYgTCAXYQagI2kDLA+A7x4yyulG2y3gBV+kXY/yFdUa7JSu9cAZgTk3iFM5B1pl+8RT18BhVo84vsloKfivcDQ0xQvKwsi8gy8fVblhFEF7/CCNza2bxmbhisIYRlz+LQoBRLuBvIQgH6lspMmQXpepl9NN28TX3LcMu0afGNyMWqeS20rquyWtZQqmAl0LaJ38Tlpzkf5IKNoUlEtDVGkqNiOyUx3EPBKGqMCjwG5ung2plnvNDj9wYwK1GT4lMyruTOY1gtQKWUukhNmL6jvC2AxB7iOYEg2qIu5luCQMjZLasm4GY1/gMIXCteA7PLGbQQv+zqmSJ30nLbTfPsZ6wAlDE5DryWrfcLioV8P7iLCjGwGj7inJbMFd59u/tlqhYbmvRnwCXlKDaq2x/hKKll4f5PMCnW7Zf+b/AKSjgBGjiYGJey/xUUzKNwtLgbJij9nsSU1WNwJS53WSUXlVJNPaiZu7pqnsUXxyrgO4cS+b2vPJQcWfU/ojaoseHxEnYyyyBYmkCV+FKMKgtotjTjTbUm2MtC4v1LZFpYp/MDDzWWQ8vwd73zKWQi4S+MNkRLEGKeIgtVOMEEBBZh6iydO5aiMK4fglzEytuXO8QOdylIdCzr7eHi4oda1s5+U54dQSWZkLFg7yFDjcsdYQdnIej/O+4YJLBffEjB1yRyIVvQ1HpAMoHlaN/qIuD2qDS8OO5odhyz2Pa/1lKmaS7NFdMpYitC5onFRA03bcS4VP3+S4jd3CcwXAYoBlWpbIBZhcp022T6ZQOTD/AEFwFlOMK/kjQMldbA6olHC+zONUsZf/ACsRw3FyvbHmm6KZJpCq65igAYzBiV+T5gSFdpoHMRT7gB8OpXi/hzctuZoKuJhnlar6iQblQ7ZRGcXmDiBcaxL8JLEY+cQ5JLyEQRZHdeS8mEsm4ifyAXAxFL/FFJzGq5VolekngPAZPGYyClyJyn6TPZLkUal16LNdVNo0sqBbU8AueFlK3RHCBj4ZnOXgUK0A4Fq5WoKsqCrBrgD3EoFbJF3cm3qC6hSsNndOPmLO0S11XPLWyKG7PMQm5GxcSxn8cfjSGItsxRuGDG4Ae4eoekJEN8BfpgRWFT+oEKb/AP8AKEynWr38qDKLLb0wXZo3jRM461KL/wAkHR7Lt2my7Q6Ool5H5miYfgzKLDVy3SKeTNVL4GB+Y1NLCDU4KF2AqUUsvzf3M2diDSuLmc7HBFuM+IsqlbMGQOileGLMibRKMTpjGossWL7mcrlP2gaG/lBDIfHNEDjuB77+fatxRFKHwWcbO2HAMl7d3zd5hzaWuQafPcohQIWuxyz0FRROih3lyrz+k0mavcyjYtw53GFHhgKuD/gIY0eT7LydtgS9OWQgLXgVF5GACtpyH/k9/gnFS6rgCMnE0xqSmJaeMp0S6DCNwN/CmYPgXUC1ILYXfsBSNQapeYlqbpNsckDLbP6aAnVTYpRUMXka+5yoQ3c4jKuI/i8AS3YB7xG1DYNvwwGwTt7yu9u1Ff2xIJDSlEqhuaGSWyDjNmpYv/1Ca6xx0QZLZTK34E/kA1gtzCQWepcZ4y9b75p4R6BJdsFbshfN7uUAY9EpejBmZoawCt0Ldv5l0Wg59C7fqWh5O2V7W9dRdTCK8tPfJaG/ES+Lbf7SuqyrB5XHzGqI0pm7ZouW5sEVL6Eum9ZjTum08mRqSDBgc3C2sA5P1L46hihh0EhdXC4y5wuMvwUIjNrm8RfwC5duzgKh4TNUlnwyrai2D7lMOF00f5lwc4JYXAJV8f0hL243lqW6jdYgWuinMXD9MT8stqK4gMzSJEqJpEMunT1LERA5aIsSF7Y+NsJqEZzfzEAuMDuFEFpQsNdbY3cY0gPklzVgld4hVlKHxF2IK5/A0QVp+AWVTZuzogxFlTjyFJ4YkuAthXCumBBmi/HrKfsj7TKv8VA/rEMWyWfUbb+o3rrsNcL13G1nAXB9+rKEXLMnI95mXYdoN1WzxiTZFQi+Lg2JtFhRsvn1mCJuqpvoIgetKGOjKfuWLdGQ+snFfzKkKoWoL+PblYNl2qL4h0YSOQORP+mYRY2AbLkvuZBmxrPEv8KosbgfgOS4CgauCx9vcZF2XrEmlLsXWASp4y8MXJW4N8Egoc3CDR7DGUKjehjrg9oCag7HRDeD48SpDTFUBgm3JjH3MAgnQpvpltixkfodeygojd0eMsWK2/zPMSbOUGnz6nypxyIldQXV47IkUl2rrCKaFDTuNLuBxYEACOLf3Nuicc5ruMCagUkslBNCNsFjyBolJAV6riaVww1HFlDIYYb+YgtO226Fqs7AjpNsV8WrK5QQFNSpHlBJ8ZeepqjoAH4PB/ljBUtCy0aaeX+IOHM7ixi3QpljHdXe1ncaWdGkG8XMxAMV11XV83KF0tVpyBx8alefA705Kq/LhIoS/T91TK0kh1opAxmGtaJR0B+IB1tZsx/0XLAnlU/mUUitq28/jS2CGphF1Esy3EFqhfEX/cCyoGJtWhYU0BbiBe24ImkOg1cwPqI6yzmmWP8AEBA14QCIpkvD2vfkL0C2uJ4TwqCNQ9XFYNXMYhwG0s937riZLgmcZwQQd4e/eiLjkwH0vb1lGeiAu3yEyDo2rHuUrIgnKIRjS7KgiwpbZMY/vDzWhZBZjYrsrJ046apuq1Uo6xyg+T5m4ew8+kReTuFhTVHFXFojYteEsi9FC0rc9V319Y/JdNndsNPMQltQ43TnlrDK4v6Frs9cAb+IJRw+hz6uEL6H2jVuAMFwICisBjbnnIfc0QpjnYk0pQx6IyWwTnsiXV4pHkZPSViehGHk7XvMuVIrRuPLBu5Ts8IjwS8ByUKPPxELYW3ddCuInRatQnKQZUZYoCbm6hC0EFY28B+Ixa+sizMCM+ojIGUiAZneGJA+F2QhFdWw9pSUob4IyyrZMXnUpWG2u67XmEejMO/UEjkmWgw+4ZFs0cqEHywTuMiArngll1KfiOI7Sq7VaGo2vWXPwRESDutSYpZuyt+7iZW0L5L1BgEFOhLW0FUrKUwoo+pgzL8LrCwrMPNh3n/mLjVhrA7JToAHeYgagA8GiorZAOrjTmWuJaXX7hpBFGys78GdGpZyS0Vd1YTnmUwj+D9LXVWy+aNwplT3vB2TeuzDZq80WvGCVTPVbTOeiWex1GrY5hr+X/MZ01Sh507byxGcF0Nml2dmpVt0QJyLpzAdpbgyy+RpMtwPlxnwm6ljyvv4jvuUQl+NPwwUlHa+/wASYEXNQoiMWszSAAzM37JWUK0VxNTPky1hHw3BL9ZaGXIpdW0qfHZZzb4TMRN1lAIa06DthGtvkhzKK4qh1awrMRYLBW9YTccryKjRVy2YujRLRZtDiMkBq4/gbTattwJAAuvCLOSXcXAGruAFjlnDBGo7MoYbjEa5nvcoI0NtiNYCnbRXkbCP77CeL9LMTe5dwzHdR1OTD0WyjtzkGxa9xzFIIghOACvQGtcQYQapb0bdiGJhshRcgPAYYLkqsRqqt0VATgemIUUbcNJQWjiydj88kKpULjjCfGkhFg4WB71cFXdeurRXBDskUFAO3iKnWa0I4Pk3Agqq19/AteYtEvM4iVDUBZWgI1A44Do/aCeTnG5SAiraqz+muSdZl6BlUttpLd7lpaqsRrZ0bQe9wtPZXxCpUsSutTeMExoTMLdH6EG/B0GllisBWFcTVxY5+CaiG79i9GfDDwZVL1iZonaHk0OBrmoKAGKK/BXCXGYy3HQBQFrDHOXyX1xKYEM5R7OoacdpqWTwbd/xHyIDrs4t1FUqtZWNJrh17AIB21uM55kEE8Y/bvVUQWXYacX8TYMGCqWNDHYDTp9jYqbc+07IWWFgvT5A4wYKmPbELMsjTCdJBKghhroHfd+xWFjyB66IE3pLEmOKlLBlQsai1g57mGgIC3p+0wudo5WdzyqZIl/ktysRDCK8kogf1ABHBwOcssQtRhufsnIs1QZQOVbau/rKIQTLBlsUlNODyPiLfl2rxygTDNg4DUJSrKqcEsTlBlyBbccylbuUW0LhBwEyVNHlqZpfJMvVIe679Y2v0BHVsb0INhNkpE234eewgOjns2DjKBUXHVOv7YuCLz1fy8wnAQB9kxYOqqD/AJiQlUjsYJNGlMhywO6YVdke2qq/Q3C3JD/Es5pSvDnby/vFgEK0PX+IecTXsFOda4H+0avlFgJsmmopslkUJQFVoOYi7uToHrKBY4GPgjxYqche/JeHCmwXryZviBm+koPXtBVsUMRNLgC1XREufS0qBcrz8ZhhjmDk4gYysY6dQ06ZBKngLsjDH+piuPEDb4iTtSHM0dCjHRCL26HcpYQKOb6goEE455ld4IxnmylL6h4fOZDPY80H6mwSGrgDO9KMBgqXsGYSq7FkoiH3logpjstgMFrS6gFR4Skh+rYzC5M7vZeYF6lZzDqS5bbuXOyPAHmBhLJwSj77UP1HFmj3cdWVDNhw9nQVw9RLTT9EeYWGk9heSdPXsfHVfTrMpqgWWbjMF0seR1Rs8lfEUmtpAz/iQCQaQpOYJYcRLw8/MYgEg6YxdMOE045l4i9Bm78cRhGEKFjVu4MYZCynDXBFsXCQZrErAc9yj4wNUNKfcELMA8cTc7lpstIp9JQCReBbEaBlqqiBtQMFUTccWAziIcBkO1yfxsmPDCLdd2Mvvs20MOvIR0NQowZFmmW+iuYVygurwEd8Py6gig9vHke4arVOMQhR/KyfCNVURAnNm2VIvBSR4/NwLlIzQ4mG45zZKhnP4KRW2srqbqFQDDHxYDeGD6gtO5Q2K88wBes+r56ni9pkPYHEm0VFBC2lVL23glNoGjRIxFDyvuBipKawOKOZYhf+A++S2FjBTC/c24jAcvjuOVuN0vHsoFmNLg2T+o+EvCbpYGop6mY2KLPmT5lq4qj+qC6liJYAuK0fDBlDIADQdOLpjythFdFNfqVL2DdqiOEu4FrP8RDLETDNeSrB2/aj3hg7FA3GDRiu4LsWtmKW8MQYA8WAjni6MSl6JQ9X+kxyASNoA+ivouIMA8rXKHBeA+Y0f1g8A8HMQNVu92XhitYeMYobF3c3v8NJzLx+MBazfszxE5DHLSg/FcssDEq0irE4mNSkB+0SzNIf9sxSvsq3PgiOvqj+BAUpDBcwim0mnwJY7Zvb+ZesBW8RNkWrvagO2UvJaJ7fMWYgoVZgHj7j+seKvS5iajaWwfMVypVZWS5cRCLqovWsJoSoGFFU6NOaFmWPA2l5HGH+JmIMNRzjyN7iyAuJnvGTo/cIgOoNW3Y4HdRk2Yl9TVfh7Zkf0ZhdfqMSonl7TyRuvYil41P1suTrhmAKBDdTnJ8Jcu8RTaDZ4xAoIjDCI/lIpma4hyC/uPfW5nU7nMBbq6KgxvnPNamMFIFTbnG9cCChlVOpxy1fMeJVEu1x2y2pzBma/AbGWpaply8xV3LE3HNSsUTBhncGYVYMWFB9zDDO7N+LKQKigy/cxQtjvL50ThA2svgezOKAbdh69sQNQUIsHhPQFK4WyKccSrwgl2s2gf8AWpVcl441zBcI1kpZhQl+wzJweDEPaL/bGIayVJxKMK2QPP4GPJBvT/zHCnZdQGC3nXPEprkZFyb6Yf0maLKBs4bHvM3WalG1WJ6Qgf5lqo1AtlRkBVCPK38ipUapxczly0YAQo5QXinHVcYOrcKCK9N/Jh+ZfZG2c82PI5lOFIC1J1/WHGoSZ1H8zJG+1t9P2y1h1J2MmWK0LkY5OSeLo8ipCV9loGAP0gryVC0tyccdTB+F3+B8TZMHdiJcy8aiV2zKoQzaXYZQWpkaC9aTgasNxfdnBU9gx0KgiKmfk/uYDUHcwQs+J0RRSOPl1DQfH1PKsYAi/jKbvXELjI4KEVUHxUnMK/EQwRkuD8QKdNKqvp+Jci9xpmF+YLWIwzFpz8koVTEbVnPEFIhB0Qxbu4QaQpbQ2Y7lJipTBcfIRgQ4facUAC+zHS4dczLSryhinZ56j4EZYKcj3dnMQU5wL0z+5xKkx2Gvv9PzERxDc8WfVMuOM/4r3Ad0RJQc05f4jXn4REHrAilykCI52KumZoPMbOvMRGcCGFopZYRUoqULBssouENZiXuVcqiqZa5eCCkh03mCLLpKj3G2GxhDKM0Hz2EVaxR+hmK1dJrx6iGVZcEgi1GxHODhAjJlSpEKC8Rk0FBT8j1hgIr6jANposOuJzTHAEiUXDVjDz1a4n4Z9qY2UCgmF04ZWIIrgVxqGoibIuJU8G7ZyeRFwccCbpiATJBbBhVeTUVHai/hRCMGFSsdYiBtKpuVlCmOddqMLTY3UbhtAGToN/cQ6qub+TSQUqLAn98PxEELk013sD8XEipFabtoXiUwgVaUJkW0caddCADnKWV1RBi3YFGRwPmNVuSBS5bTp9uWgxbjiK9oBzqLaT8FwxQU9JFumH8LQa5T6TyiIfoZsyawD+yMNUrUQiK/+5jcaCso1/yQIAYAu061zXUqMx5YX8yyViVHCqwco+dNuqhuJMVjUO07Zbt2hV/HkPKPkaepQoaDSUZnXQYag4ianKjwU+mKsSva3OIquarMocxo4iwl2wVct/wUUkGZWXj7fMORQrGUcHyVVD3MSkYTVnf7wIYv0bEyiWg1qZx1CW/DMMYIDYN6cn1AJFqQ1+Sv+YLIYrY6LY45cpBvfhGGIqylfPNQABzR8Flon3Aqj2pg+M0uw7OviPg8yvPCpuuLhKJ2+0cN3SfccN4GUQ1lg1Ny6ZdxZg5SKL1Ry9yiX3RTKCHdD/aDMIpf/wARKma2gXl8E3qOAKNAFrLMyFNNJCR63b9wc2Bcx7FHkiQAMeAKc3xBvmUZa4hIGY1GN3nExEkdxamX4Ikbc+HM4IAbLteZXh8LR7Gy+mRP3KoI8LW4AyQF+KJiMSSstkQnMVEtUSx8y/EBxVYIR4DDwi6j0Q+jHRBFoABysEIksOvCa1+PDhZao0Zrqo0Y5ASis1m3mW+SBinss/NwSyYaZZ6UfUQoar4Po19XAOgCBXoZrxgm6aq+jgIM67CqMNoVgzg/XcRt8LtD6b+pZAVrKIf6v+IOF+Q2uNolQRdA4YdgANpUPosSaEZC7e+vwHiXepj+N5vaEPIF4F7bgpUd/wB2LxawzmWgAUmrPblIJrQleD3E+9R5PRf7RgKbVn7fYXZa2D5ILoKkoHNsabku6res6YLn7dwVJyXqYVFgeECDPVcwcXFbHTFbN5qERgd1/jIuUgy8v94vclAa/wA4LXDrlBnaO1gW1keuIGwjLeQxu+SoTaolUzLEolzlqCBMbVjyw1iyIFLHqovMDSMXccP+tRFfezB4/wBoOYVp3nmXIwbbx9JAWiIbJq+zjmAu8BcL8MH3RBx/NQI4yatxAZgv5J2dEAgHY7V6fYA8ERlQN/EVVDovBhPPmBPVYdeFyrWCQyn9/ckq0EcY5vr4NStddIq7PhVwZ8gmLgmxdcafGJbUtKIM5/H2RbzAlKeL67+JfbsIy9LiMvNp3+58waH8LUb2m3hyRcDFpyp/byDorQDQOgIlsr8xDuXMVVvk4s6PZjbvQ6hRyqZKP+U0l5/AFmMK1HyB3bc2a0WfR6w1SHgF36gbUZaDyAcceRTlj4jBKDL1BAL0dnaC6ErWypydQ4hsy1uXPAMvMQOmlkS5tWdIwRa4CDeBKKSH6TpmkPqBhxT7TiFmabWge/URsemiIDlVbx5BwGMYT28z9EOMyAjnNc6XxcdXYy1GG9WBra9AY67u4uG1OXxDHMWySBVsAj9lSpeKCcVvT+VMBGz/AHNDpxcZGguGThtPI8S72u5wOS7PpG3tL5W58ls2zA9mScwZgEJl5dupXnRjJ8HkNkC6wiPMwcTFNeGw91zEevy8A6DQfg1abIVZNVwhBYfRg16ZqP52mBLZ6RhaXEyhkUYvv6icj3A9vbFIXU64YUdwV6mbNCnmbpsAcS2kRylJwVBqpZBlsACgNxRkX0RfuOxVlkHyXuB3sk0mLIbwr52RcsWx8cRC1Q1FqZMJTZBHBFKyB2zNIkzA218otRhH5wRou+1dSs6PBG7PPWMR7VFOitL9jpai1ba2G2uOKZa2bo0AicviB6r1PI5BPpzLuhCJTVk+NkQS3YLpaGtJwnJL84hRuXbv25mOgWVFblLqZnsbmA5SbQkTTVH8kMDTKlPy7lPNuFY+DbLY1aQPAW3U9YlWfcKboRHO/wAYBEqcmWaQc66GBEAK0EMsKZYTNKuxR/MT9sMVwW1hl8CLBmlpH78iABcAPrywXZMLRBfUI+LR9orSZQ+gYC4pQOCXUW/YhIFZEdwchEFDSNwWZyEtrE3UjRF9lEjVDHDG5lqpd0j0otjY+icSaWRfPDCNlv8ASmEIIdTycJ5Bz8pX+SJmCuIoRWAM83lg18FNEOfqXZ/M0gDZyjJfZhWLxcCOa4O4bnMtKe+vKi9y+KpazOXYbPqVtICyNxDl+ZnGGg5BzRRQ5zzMGGgjYpRXisxGLpIBs01+0NEwIsscEtqVK9Rylj0XtgaK7D+r68iI8QH8CZ2YZC4v6mPQEqMQ+ELBrgBLx2ADXqtXNQCnFvpqK6sMHcoY/wBD8SkYPrMtWqijBSitMrDOMxKXZBNex5rqUJKWe3MGDQQ0XYUtLUphiBJNgsZC0fUrwkyVNnfYADJbANo6JXRMYU4b6hX5zglq7djgzgqGhCIuhbKsFuk1AWNKVwNlXuw4KqFwdBgQGvi0Y7uUa5xtKksCjgVuUbpAZ5lGsVwsq5ZCy1tVhaYBdVnMwPlucb0lAzrkEj6kU35C1pgt58IkaRQubiWAPXGolPP3aBYtBvlepjiWneDFKWXwIV+vfLtKoEpwoO4yxwY0U7HNDeLLwRD7OKcAJ2NB0TLLYgUiqqoAKrgmUVzXRYr/ABLu+JicNpHAUjYERLu5aGFiYsFKwOHpmVtNVDQLQqha2WnBAP1cUSAGTKxvEZKCRlqAvTctiL5diqAvbMMnoE1Gbqrr6g6cCKXRWDOa35AVh7BB8mVIYxiV+xckQKVto4FcMBYiV2AkZBn9RK0VGeOXvHEEWrBNLmEOMygTHMKMK6beoJl0dAll9B37Bd5rp8j+7BoihZy8y2SqAHPcSS7JbezJCHAqy1LrS6kHBupi/GonBvtH/sTIyC76lkZ7ZvVLzKAOWoeUbZGtyw+LA0SuF7gVXSYtEtGwTCi8gg2UcbQFXwFqxXvd8cjzYb4x7LFccBWEfsP3OMDhXW05wExevgAIGWqyOvIRj/SLqvAqlvWYhDktQKrqNCS7JXqvswNLZ4bzM1f1i6g7VoOZb44b5MXLpbZRlthzUTqtXXYLa26auOgOWRw1rLerwFwHxA1EZOMlPucFwHhaRooVzVLK7lwA9SYsiOZ03RbvrLXywmKaYZQCvaFDXMWzCc5igeBaYDiP1qWsInZawQsLEAJYL2pklJabMcyPkcF/CPcfitaW2mWXRA3NZkLmRzbi3mAVBsAylHUH73NMEhqHWFSnrXwOxGWxkbzAJzAKZuSLSqjUX8ZjpCwIuG/I6j2RaHY0ntzANyHk0fSxH4JQB20KgzDQzRtIcOw0IDsA1LO1yqcRnOGsPHS6B4gYScrOLviUOVBHeKlsDpT3FuegcCDb4SrMq38vmJsFKvL3K1tBj4iZNMqkwqB0mWCnrBlEMu2o/a4ZQAAshSfDzFAnsFwSqjZAdgwMQ2cBBkeuDFKNXl9xGwOi8Tnja6JOcVeIAUlMPZl8G5S9hex4gYYQrclu/mBiaK1WEvpihUNidnZVp9I+oV8a2p7gBQAdEw2jBToDjyUDQoMqlkitLl7jPnEMniywy41EYABKr2q7ZSucow1dshKqoUWROnMxwW06zY+xAd1o3+j6EdwoULwOn9QeMBTUlJZnJiDqtxurDZlb37AC8AKqhQ53dYjIa0Ol3hWzOZqMYJJMmTFZuBk9dCirLWUr9QF8zc7SJkYXgCt0va9eTOhvq1u+W/biRuC9oixgLhXNRnEMCm/LmAyMkS3ahYt8jsTA6LcHcMK0EG/TNQ0l9RqMrM/YriYFOXVol5PGcSIQdLBp+4IoKYF1bePJjb2Bp0F4PCVqZQzejRLykHFhg+pz14MD+4UQUKuEx/xGtEqWFlduXiIwsOAdBLNiB43OSbE2fxOCJw8kU0fi3HoB8SiVFjmWZg7AwGIjByfMz0HMosBYLwS7DZpZxGrDXMR60MQl3tiCAoDlNH+lziB1DFRmEFR6RkHkNG/1KIDAyL8k2ld6MQ7FdQC+JQdkB6lJpqJ3EjHYKL7fYeUarIo6nhcmQ0Y/mb1E+Y6w1cBCr+YQLVsCi8xmRNxSHFTV6XuJJwhiQWBujMAUPAQKEO9wOHBWx8YjsAKoLgjOgZWItQaA4lOhtacT0Rw5Yq2FV2wb5ZgtyiwwKxMwuT3DUQDWRF1BqD6BIQdVt5JkIa5dRQKrqYRmHCUPuItl8ss7gncU7JZ2RAmaPI6lI4sdQ5ehBrp7gzVsVxfARWgKDUxPC6RkpNUTc6aydwXgHdMGPV3EdD8wIoA+MWArtpmIrZ7pIDVjVY3UvCnamf8AjZ0/qyjX68/8XLUDsMUs8FZcke0R/wAZn/l5b/w5Rr9eKtv6c/8ALTYL6w0j+sesbuwQLLdbf6zZL6zTDFazNcVWftWL2Fla5gBRXd6yiG91gN8m8ItV4MGOJ1GcUiPeEBqKsa2LxcCc5WiC+YF5GDrBfjOj/SAuf0gT/RjAFFQwW0zDVpiRXUuMQpebtg7dC+oCP/ET/wAxA3+2iFv60/8AFSvX6EODGrMo/wCPLQHZEURXTBjFt/ozDWKq0gev1Jkv+PLv+H/qrHkPpWGFAaHSwiyXUJMGx8q8YgNgX3OCqUiPIkYiMuJAFZN3ZgCEXMZlJgZYNVRdy5myvssaaUSnIkfcg9CEjQoHkcAwQVwAGUyCct1Ha3Pah8Btl1iYpSp24heTVXcsnKOmCuQsDQ3nEfqbZfA5hFl5zDD+icriM3ZKWKxyQ4AMJE1YRpRCoP8AZmlFbdYq0g1XqeWVh/2+YkNDF4F2kO+WsRJAuA0qyEpjI3EYWxkANI7DJOwUCF9rhF6hfANgWSCAZE2ZmIvDKKLpTKglVbARq+EtoiyoLBQXEO64iyoushgKqgLYQmt+Gh8jo02bl5d3yNyGwcgpVCsyuAFKwFaWUYNUjeJ92QpqlHMavvpCFHoAHsu/L1gmy2vfUypJP7x/k4gTHsgHsdM2SjC6Ov8AaaM+ypUr8AKBWyE+gojhGWklFfS3lox0QrnFRVVcoFNiJkRBHyXaROFQoKBR/WULc1s5mC0d3MSkVoddS2jZEAK11FUZA/2xNHT3ssBCYrYKbv8A+KIPJ6FE8X3Cvlr+LbbFWW2DMdWyFK5oVNOAipM/cPh0AoLB3PEcnUy21xBbdv6xc1/c37QWJ5BCdP8AZ1NuAo2vcoHHZF+rnfSgdVSpVdZ3GqxegrAhXBUjByCC1gwyOEQ2R1ECCwQArbWjEKKdA0XDsXQrOktHpXoppTqVbuoAHW2DgMGiNYlhcrufySiLBYhdTLCOqIJXg02QOmR8XhRVxsYxVy2f6bErK8mlJc5d+KYyJtCB6YKxI4kypRLnAplkZgXdhrsaZGruNuFtSzfQ9Uib0DeUMKmBbsYKlrZq5RrzDIKNVUrF5lDZRtJTzltKqsgj4rhTgFhjJTNJXMeB6yXBbbJmgX7irLyGUox3KFnGcAligI2d4rmNEFhVyluugLnX8e/NpsePqJpEDY0EsnFmhHOpU2wi66VCLrlS3E+bZKeaRzyU/wCwFe3yCdgQUunuotNERK2C9jdqzB0gVhCiXcgyKhBGvlAACDJrbKeJxpjYCCqyEQsESYwoOAG25T8OBVCtwiJ4kAA4gjCjqAv+SUSJK2JcwVV+4LfyVAN4TYE9tTDQeY6gs5El5ZeNxmQsA1RAkouYuwzSIngEpxZEVGDKJwgNlVZZQFq7OKmqywArN3Az97zVVVXkvDCG4THGybYJkiIs5dwV7n9UTeFuJFeNQVG1EtD1jZI4KsIYxuVHFwkMRNiCwFVHADgSk7tNGxkVE1rQrDKjCXdQekIoNEzS4C1NzbJl0dw4o1UF4i3OMLoAXkHuhqWtoJZZvcEI0Mu4SU3MpgGE3EXSWhtDk1t00D9v9g3+KJUe4sIKu8g3gVZjUW9oxL2HI84SvTZzDQAF5oXHWwDAOEV6q4asECsFKAR7q45ZNck5D8TcseLjZOUPjOQHwwBQYlAKWVY0kolKbJLLQtrbzFiAMVzKpqsqXzOG5GuqwDHVxIKDNtFZeWVKjUry2LajLtmMSgFStBRa7ZUXfG8yKg7pT7/Fn+wKssA0CwRY0c/qxKmDav8Ab017qGzASe0ibIbXC5T+xk/auCOIbsN9pi9upl9P7oSqilHbBvaVr2Claig+SU7GoDQexsgaHpR1cuxzDd4bfGyDltHJKCJg4xZL6cKbY/IY/Kar2Ex6an3U3oB9OBinpf8A+CVcmIlSPBGuf+tuYQyx7TyWbAXWAL0F0KWkUyCY3W0WIKVuzFygPw1DTYLNCQ3Al3YjcZAcXGAhBklJagzloUqVYeb3lHCcErPG4rQdqYLMqBNQDy0TdKwYJ3LJ0WtyPWi1gcNQnICpY2GgIobgMcWhWGy8qsG3kQXlsZDWHcoHEQp67sN6GlvUG26/3cy3Qw4X5Q0YZgYKbqIYHJuXIQOVhsuV1YNpRbwI48QhvpDVx5/nplFKRQvKugrcRKGLbcDgLK4igERc7MuhCKNowPnx4HFyRyg8IKhdIVjOdinJSf8A1Qgw7JWnD/WpSlu4WiUuoRRvPUSCf46LhyhObip3K6DJXC0txdSg1LfoXF+UqGdz9h5UpfLcy6eydBujYcnJLJOWGlrbE0VxKoNlSvBb0tqD4G5QNa3aaYtQ2qoUnhs9NQuIMsk3GFvBjREAzxhgySkBSCmJx2ea1Qd4ofoiDyJNggfRYXAyGAFFWqrcXVSxqdBRXSSUoFrq9XEA5xhgyShApBTER6U/CWRvFD9ENYaYRyyKhQXtJRHuIptuKaUqgF3BBSPalGxg6byVBixvVA2cjkwARhESAY1bBWAujEIb4oVf5H/fKFQDWjFHLj8gc/qGVp5FyGIFh/qNoqLqMspj+Rd7qjqAgAT5WCIiuNXmP6KwpkwMnI7MQ2BAow/0lIzIskCAXAgnnizG1kdlg0zlGB3C2xvhgy4jbwFGiai4NDAqAC4lfmv/AIqUSpX4qVAZZYbEM2stur8iS76miFfUP+5Go9f6YOAn+fEQvMw7uZf2EwmziGvrP4EWAlYwJnXBBFH/AORQwQzOUwW8uor2Qy7Mgd0bc4uEWAARAl5HI+f/AIYA4IECMQ5GBDBBAl3xOgJMhcTLD/TMsZJ/YY3W+HRPL/jJyxLv4jE1CHUUtz8zX/wDmgVeiMNcIvLqmJcPSJi4p6c2sLpLdZIM1nsIS3GzmZQGxRCHRRall2TmXQWS5ylYVlgxNoOaoRLABDL1Kw3ngKt0WFloRIkbGoGIOY4K2xM0iRK4IFQJS2kxFBUcrbvQsZBbWY5PSLgBu4o4CjuCOs//ABS5GKLVSotFna6yLLYOYaB6gjGWLssrNpy/6Zm3FZnBldMiEYfg6ogMpT/5RzAE+i3X+Jxx0Y759/pHUQVwjDP6ECOQS2gKzAcJiyXL5DDdTaKmAu3UGzi1F4DmlNxVMsQhgkal8hYXIyvFLGEJOXdhsUXCTgaoDSOWnxbUeMkXGIlrVlT1iBttOWhwYMC1Yvay1rnSULuaE0GWqlSYDCbKqhVBZTKQS+Vt2wLVsX1NIfwwEW4FT+YqgLOCZSCJm4qKg3kaMf4iMPEF3T84Cu4KvBn/AFMA3v8A1IHPfEa2LnLviWbcv/4bgVqUfkBvhjwNgpsHJf5blpczd0mS+YdNIFBFAeB+WjLEaWygxkqWoai2g9GC5FTAaWAWIfMEZWxf9Y2m2RTwIDj8GHdfoC1/UF+fWj5inZdXMWIbvHQ02AU02Qw6QWEApYtLS6giWa/FyCqHiWOragNAtNf1F/OIKchU5cc5MjNPP5RGiVeg3BG16EetJfQlrViNDrap4Sz38WUVge6JZsE+5kAPNEmajIGboLzCncgDHADKhtbHUtn1Zq1Q2lt31FR/To1dLVqdXMfMre9NV4u4CCUVibDmDiLmR04+YaDq5VBqPKy5DVfcDRYKUDZUomzkb/2FRXccywwu8By4lYUnOovHjA0w+pxTIXPJs0HLCJNQWMhtXaVCN1jcxKs7jBERwXkUVcALFDktAMhnIqAuilkPcUE6eEEDgE2JBiaRn9IGMi7bFBAaeqAzU09OXcFORDLKEYrHSXoq+QLTFMXaOmxpKEbuRkYmNsA3S35ENcVDycAV8gAJOrYpUkbwbPcAKwrmo03tFucrFxdhE9hvaCxyNWfMUIKjAtL+kcF3Bf6+lGYjkdJhguDJCwQmYAwd7gfsJeAN0wlwNXuAXDJouEegzAmnvdChNUUAPCMNWCWkr2nI0OZkspFANOtYoLxG/wDjxkDUMtatUgaCrvMGYrKCgGjMB0mZeIaFES4MwlBwHAKiBapAXBnMtxL3rhVKFCmFyb/14qCoGS3uNiYVTsZSKouy3rFyU0UREBt480qyKgxZWo8ipHqm6lGzZeQ3CknAYQUWkRMkpKzBULQsxK0blqpVPcEoFbdaSDdLtXEore4t6q1+xSHFfCoMvkGSxawXgZEPRKnOF8ew3gXgOdWItY4XLV5q47hcBLnKpCxpTTViUChqyU8C1zxoEAMFB3K7GCwd4sy7Vm7glS0VqTU4u16gHUbRrK/CwPiJl/lGrUCUDpzE8jwKe7smpotUmBLDpgpcANNI6i871tOLhMFKLV0SwLT5wJDyDIqbFIdCVlF+RLUwlEbIBLkaur5qLaWUUKhYyhjLxD1Onc7+BgUjYMKkCiRuMZJgWgeWavMvShxFyNnqJFvGWXdc2yIbAJbbA69GACVOWf4KEPhrNxhSgxJsdp/sGHHyYaIIlg6wkV9m04Sra5YfYwBGnhWXUaFHaQFFpWjRx/8AbFcMsSv6IYekOCcE3K+BNsL8Gu9SWAFJ9jAyjFkFQZ6D/bgFuohpV2wxjfX44zuIQ5FKeS6zUVdMXi4kohp/EGG1lQ2hjMIQ+XgR48reVQXesCj8JZmZ7qJRRAFaYQd05h/jVATptrgJbt1+SXPJj0t7PBYGFR7jV9E4KX/sIoahg02aJurEbKTWlhkFWEmG4Fmbe+sWctKNMIclygAJEQJtF0scpo+AsosZ3gF7akLaKig2lwvxNTVHK0LqhRdNxIVbLiuCuDkI8GwqhQAjKQW1cNE0aUK0rAJgqHkoTgCwHqiX1AAQUZlQMKUDaLLbKL7uXTEDYzSXcFMENApuUKowVF1H1U8GFWuVeGQS7gotAC1YeLgHHOYthYsZEeA5hsb3FSgoHEnCwWN5beYGSCdSGKysFYTiWnv7CgRHgtoXEtFlxeE03smed7lrPoIzLWVyG1NlSmMYa4KkcbIGQcsqheJSBA4yDxiLHfPhC0sLY0A3uYdS/wDqxSG1W0JWoL5gtQ28l8Rsq4VgiUIpEBq0GS442mwErcOA42f7AAt3EbYd0hjmLc2yH9V2h3eZkrgG3VVq9nK0PZYrEWyUEGAAdtyq3DFaNoksOEcxSMYE9RMKJAcM2I64JYBcGk1qUExky23QEGhedsRJic5TYgLDbGJkH3rd4GSrNLA1AA10l5PVV+4UEnMaDUuo1gHMs1OmBa1qq22eiWzgFCySoCtOGpdX4sdUAFhoMu2VjNVaSyQFaTNMSf8AdWDhQvRNBgqVJXlg65OJzV1fkMAMi8ukoUovPkRY/UDZQsRCXi4eC6ggodlCyoZq4HdhBhWi1ogqmhiKiJkCRBSnJLpjcTsqK3InNC7oWrBR8OpChCC4IlYJQB1r7pAFMWuL1EWqSKloQaAg4G4oURY5vEF1lypiCWVi4QbIostVD/YkROJZpB/ixzBXLUGJIShgP0CcARKox3+15EBe4jYKgasz/wDt4DofFQEvHEsdrGkCkACKVwxb+GJi23KLayTJCrMrKUOB0o28tdGUEoS5A4nBdLqWu4sgGluI6aLh7YukM1nkwnU0gSyyr+I+f5qJNn6AUyogq4CaEXXxMgAPI/hqXCrkKF8ktWHPCjrBcpnVOc/kJGC1WW4K0NlnMqxLkCABwLb/APSxDxZDfEfb9X/rtId/RuwNYsUEtm2BBGxnGgAJb1ZvTLiuDm+wtsoMxasAkagLciabMtQBryUOc06nlCWDBjzQ0oKBoNtxcdHTFxsDMqq4lMuwMkCg2QoowuiAYaKYE2Nj3Zt0QVQ7jyjLiasrfUPtSWEBTVHzNKYy1H3dgemnqUEaCVkdSm1dLviL5IiAmpYOj4a3GhYdUAOYDlAipK/PlI5QNKC2BBpWWRTipqmhABpryLqCOu1QoauBq83cr0AmJZJSvNqpdRQp9XV1JuxYbQl6iOronAAKyYFMwVdRYygleLCqxNRNLbGMKWWtvUBq4A2SFs2qKzUvWXdyBsG5ta5viYcJwdzc1ReeJxZHACkGgUMLd4GoIEDiXkUhjQp/UwPP8hrZAljS9BW4CQJAWiAUUGzDiJhNEQNCExpptO5csEm5AVpIpbJTGp2vwuk4pTXa/wCrS4/u5epKgw1FFFWw7Kw0A3ag0u1c6nL7ZdhV3pS7AMTQddq1g2yJoqZdYRFA44C2BxOEbDiFOsGs+agA72qFWQXKapG6mHGHZA0GWhdL5my4Z4VbdrRSys4gG1Hig0GIF3jMylc0GCQtVLBLqWa4EBqdQrBoC2ohYY4rBHCLI6GJwhePIivnDUvEoOGdzYxtc7gyAnICgiklaopLyRxkNUnDuDNZxGAHwjZCx6LSnyNIxCbvBOKVC78SgJbaBTa28e7rMbieL8Sktmf7sr31Ly88gCIjHb1iIYYLN0tg1XKqjJVIBETFwFZeyGCBkLoWpYfdZZcWRM0RNFFVmN05Uka6QaoAEBx1oDVE+20zYRsOaRvMfjQz1omywGWrY0mhZXsFbOUKu03LY5ip0tVYQrCiC+SYtUU0lg4KmEqxZit3wa4hYyKSP5uNf7MWJkCwOxOSMAqtUH4n8IX76L+of/zn/9k=','1970-02-05','704585457V','Maharagama','0715685956','0114458565',NULL,'2010-09-08',2,1,1,1);
/*!40000 ALTER TABLE `employee` ENABLE KEYS */;
UNLOCK TABLES;

--
-- Table structure for table `employeestatus`
--

DROP TABLE IF EXISTS `employeestatus`;
/*!40101 SET @saved_cs_client     = @@character_set_client */;
/*!40101 SET character_set_client = utf8 */;
CREATE TABLE `employeestatus` (
  `id` int(11) NOT NULL AUTO_INCREMENT,
  `name` varchar(45) DEFAULT NULL,
  PRIMARY KEY (`id`)
) ENGINE=InnoDB AUTO_INCREMENT=6 DEFAULT CHARSET=utf8;
/*!40101 SET character_set_client = @saved_cs_client */;

--
-- Dumping data for table `employeestatus`
--

LOCK TABLES `employeestatus` WRITE;
/*!40000 ALTER TABLE `employeestatus` DISABLE KEYS */;
INSERT INTO `employeestatus` VALUES (1,'Operational'),(2,'Working'),(3,'Onleave'),(4,'Suspended'),(5,'Retired');
/*!40000 ALTER TABLE `employeestatus` ENABLE KEYS */;
UNLOCK TABLES;

--
-- Table structure for table `gender`
--

DROP TABLE IF EXISTS `gender`;
/*!40101 SET @saved_cs_client     = @@character_set_client */;
/*!40101 SET character_set_client = utf8 */;
CREATE TABLE `gender` (
  `id` int(11) NOT NULL AUTO_INCREMENT,
  `name` varchar(45) DEFAULT NULL,
  PRIMARY KEY (`id`)
) ENGINE=InnoDB AUTO_INCREMENT=3 DEFAULT CHARSET=utf8;
/*!40101 SET character_set_client = @saved_cs_client */;

--
-- Dumping data for table `gender`
--

LOCK TABLES `gender` WRITE;
/*!40000 ALTER TABLE `gender` DISABLE KEYS */;
INSERT INTO `gender` VALUES (1,'Male'),(2,'Female');
/*!40000 ALTER TABLE `gender` ENABLE KEYS */;
UNLOCK TABLES;

--
-- Table structure for table `lottery`
--

DROP TABLE IF EXISTS `lottery`;
/*!40101 SET @saved_cs_client     = @@character_set_client */;
/*!40101 SET character_set_client = utf8 */;
CREATE TABLE `lottery` (
  `id` int(11) NOT NULL AUTO_INCREMENT,
  `lotterytype_id` int(11) NOT NULL,
  `day_id` int(11) NOT NULL,
  `name` varchar(45) DEFAULT NULL,
  `lotterycolor_id` int(11) NOT NULL,
  `digittype_id` int(11) NOT NULL,
  `photo` mediumblob,
  `pricesale` decimal(6,2) DEFAULT NULL,
  `pricedistribution` decimal(6,2) DEFAULT NULL,
  `dointroduced` date DEFAULT NULL,
  `lotterystatus_id` int(11) NOT NULL,
  `description` text,
  PRIMARY KEY (`id`),
  KEY `fk_lottery_lotterytype1_idx` (`lotterytype_id`),
  KEY `fk_lottery_digittype1_idx` (`digittype_id`),
  KEY `fk_lottery_lotterystatus1_idx` (`lotterystatus_id`),
  KEY `fk_lottery_lotterycolor1_idx` (`lotterycolor_id`),
  KEY `fk_lottery_day1_idx` (`day_id`),
  CONSTRAINT `fk_lottery_day1` FOREIGN KEY (`day_id`) REFERENCES `day` (`id`) ON DELETE NO ACTION ON UPDATE NO ACTION,
  CONSTRAINT `fk_lottery_digittype1` FOREIGN KEY (`digittype_id`) REFERENCES `digittype` (`id`) ON DELETE NO ACTION ON UPDATE NO ACTION,
  CONSTRAINT `fk_lottery_lotterycolor1` FOREIGN KEY (`lotterycolor_id`) REFERENCES `lotterycolor` (`id`) ON DELETE NO ACTION ON UPDATE NO ACTION,
  CONSTRAINT `fk_lottery_lotterystatus1` FOREIGN KEY (`lotterystatus_id`) REFERENCES `lotterystatus` (`id`) ON DELETE NO ACTION ON UPDATE NO ACTION,
  CONSTRAINT `fk_lottery_lotterytype1` FOREIGN KEY (`lotterytype_id`) REFERENCES `lotterytype` (`id`) ON DELETE NO ACTION ON UPDATE NO ACTION
) ENGINE=InnoDB AUTO_INCREMENT=13 DEFAULT CHARSET=utf8;
/*!40101 SET character_set_client = @saved_cs_client */;

--
-- Dumping data for table `lottery`
--

LOCK TABLES `lottery` WRITE;
/*!40000 ALTER TABLE `lottery` DISABLE KEYS */;
INSERT INTO `lottery` VALUES (2,1,7,'Tuesday-Govisetha',3,1,NULL,20.00,16.25,'2018-10-10',1,NULL),(3,6,2,'Tuesday Supiri Vasana',5,3,NULL,20.00,16.25,'2018-10-11',1,NULL),(7,8,3,'Wednesday Neeroga',4,3,NULL,20.00,11.00,'2018-10-11',1,NULL),(8,9,6,'Saturday Sevana',5,4,NULL,20.00,16.00,'2018-10-13',1,NULL),(9,5,4,'Thursday Vasana Sampatha',9,3,NULL,20.00,16.25,'2018-10-12',1,NULL),(10,1,1,'Monday Govisetha',6,5,NULL,50.00,15.00,'2018-05-10',1,NULL),(11,3,3,'Wednesday Jathika Sampatha',7,3,NULL,20.00,14.00,'2018-08-09',1,NULL),(12,6,4,'Thursday Supiri Vasana',3,3,NULL,2.00,16.00,'2018-10-01',1,NULL);
/*!40000 ALTER TABLE `lottery` ENABLE KEYS */;
UNLOCK TABLES;

--
-- Table structure for table `lotterycolor`
--

DROP TABLE IF EXISTS `lotterycolor`;
/*!40101 SET @saved_cs_client     = @@character_set_client */;
/*!40101 SET character_set_client = utf8 */;
CREATE TABLE `lotterycolor` (
  `id` int(11) NOT NULL AUTO_INCREMENT,
  `name` varchar(45) DEFAULT NULL,
  PRIMARY KEY (`id`)
) ENGINE=InnoDB AUTO_INCREMENT=10 DEFAULT CHARSET=utf8;
/*!40101 SET character_set_client = @saved_cs_client */;

--
-- Dumping data for table `lotterycolor`
--

LOCK TABLES `lotterycolor` WRITE;
/*!40000 ALTER TABLE `lotterycolor` DISABLE KEYS */;
INSERT INTO `lotterycolor` VALUES (1,'Green'),(2,'Red'),(3,'Blue'),(4,'Yellow'),(5,'Grey'),(6,'Purple'),(7,'Orange'),(8,'Brown'),(9,'Pink');
/*!40000 ALTER TABLE `lotterycolor` ENABLE KEYS */;
UNLOCK TABLES;

--
-- Table structure for table `lotterystatus`
--

DROP TABLE IF EXISTS `lotterystatus`;
/*!40101 SET @saved_cs_client     = @@character_set_client */;
/*!40101 SET character_set_client = utf8 */;
CREATE TABLE `lotterystatus` (
  `id` int(11) NOT NULL AUTO_INCREMENT,
  `name` varchar(45) DEFAULT NULL,
  PRIMARY KEY (`id`)
) ENGINE=InnoDB AUTO_INCREMENT=3 DEFAULT CHARSET=utf8;
/*!40101 SET character_set_client = @saved_cs_client */;

--
-- Dumping data for table `lotterystatus`
--

LOCK TABLES `lotterystatus` WRITE;
/*!40000 ALTER TABLE `lotterystatus` DISABLE KEYS */;
INSERT INTO `lotterystatus` VALUES (1,'Available'),(2,'Not Available');
/*!40000 ALTER TABLE `lotterystatus` ENABLE KEYS */;
UNLOCK TABLES;

--
-- Table structure for table `lotterytype`
--

DROP TABLE IF EXISTS `lotterytype`;
/*!40101 SET @saved_cs_client     = @@character_set_client */;
/*!40101 SET character_set_client = utf8 */;
CREATE TABLE `lotterytype` (
  `id` int(11) NOT NULL AUTO_INCREMENT,
  `name` varchar(45) DEFAULT NULL,
  PRIMARY KEY (`id`)
) ENGINE=InnoDB AUTO_INCREMENT=10 DEFAULT CHARSET=utf8;
/*!40101 SET character_set_client = @saved_cs_client */;

--
-- Dumping data for table `lotterytype`
--

LOCK TABLES `lotterytype` WRITE;
/*!40000 ALTER TABLE `lotterytype` DISABLE KEYS */;
INSERT INTO `lotterytype` VALUES (1,'Govisetha'),(2,'Mahajana Sampatha'),(3,'Jathika Sampatha'),(4,'Sevana'),(5,'Vasana Sampatha'),(6,'Supiri Vasana'),(7,'Mega Power'),(8,'Neeroga'),(9,'Dhana Nidhanaya');
/*!40000 ALTER TABLE `lotterytype` ENABLE KEYS */;
UNLOCK TABLES;

--
-- Table structure for table `module`
--

DROP TABLE IF EXISTS `module`;
/*!40101 SET @saved_cs_client     = @@character_set_client */;
/*!40101 SET character_set_client = utf8 */;
CREATE TABLE `module` (
  `id` int(11) NOT NULL AUTO_INCREMENT,
  `name` varchar(45) DEFAULT NULL,
  PRIMARY KEY (`id`)
) ENGINE=InnoDB AUTO_INCREMENT=8 DEFAULT CHARSET=utf8;
/*!40101 SET character_set_client = @saved_cs_client */;

--
-- Dumping data for table `module`
--

LOCK TABLES `module` WRITE;
/*!40000 ALTER TABLE `module` DISABLE KEYS */;
INSERT INTO `module` VALUES (1,'EMPLOYEE'),(2,'USER'),(3,'PRIVILAGE'),(4,'DESIGNATION'),(5,'USERPASSWORDCHANGE'),(6,'LOTTERY'),(7,'DEALER');
/*!40000 ALTER TABLE `module` ENABLE KEYS */;
UNLOCK TABLES;

--
-- Table structure for table `operationlog`
--

DROP TABLE IF EXISTS `operationlog`;
/*!40101 SET @saved_cs_client     = @@character_set_client */;
/*!40101 SET character_set_client = utf8 */;
CREATE TABLE `operationlog` (
  `id` int(11) NOT NULL AUTO_INCREMENT,
  `employee_id` int(11) NOT NULL,
  `module_id` int(11) NOT NULL,
  `operation` tinyint(4) DEFAULT NULL,
  `description` text,
  `datetime` datetime DEFAULT NULL,
  `operationstatus_id` int(11) NOT NULL,
  PRIMARY KEY (`id`),
  KEY `fk_operationlog_employee1_idx` (`employee_id`),
  KEY `fk_operationlog_module1_idx` (`module_id`),
  KEY `fk_operationlog_operationstatus1_idx` (`operationstatus_id`),
  CONSTRAINT `fk_operationlog_employee1` FOREIGN KEY (`employee_id`) REFERENCES `employee` (`id`) ON DELETE NO ACTION ON UPDATE NO ACTION,
  CONSTRAINT `fk_operationlog_module1` FOREIGN KEY (`module_id`) REFERENCES `module` (`id`) ON DELETE NO ACTION ON UPDATE NO ACTION,
  CONSTRAINT `fk_operationlog_operationstatus1` FOREIGN KEY (`operationstatus_id`) REFERENCES `operationstatus` (`id`) ON DELETE NO ACTION ON UPDATE NO ACTION
) ENGINE=InnoDB AUTO_INCREMENT=2 DEFAULT CHARSET=utf8;
/*!40101 SET character_set_client = @saved_cs_client */;

--
-- Dumping data for table `operationlog`
--

LOCK TABLES `operationlog` WRITE;
/*!40000 ALTER TABLE `operationlog` DISABLE KEYS */;
INSERT INTO `operationlog` VALUES (1,1,1,100,NULL,NULL,1);
/*!40000 ALTER TABLE `operationlog` ENABLE KEYS */;
UNLOCK TABLES;

--
-- Table structure for table `operationstatus`
--

DROP TABLE IF EXISTS `operationstatus`;
/*!40101 SET @saved_cs_client     = @@character_set_client */;
/*!40101 SET character_set_client = utf8 */;
CREATE TABLE `operationstatus` (
  `id` int(11) NOT NULL AUTO_INCREMENT,
  `name` varchar(45) DEFAULT NULL,
  PRIMARY KEY (`id`)
) ENGINE=InnoDB AUTO_INCREMENT=3 DEFAULT CHARSET=utf8;
/*!40101 SET character_set_client = @saved_cs_client */;

--
-- Dumping data for table `operationstatus`
--

LOCK TABLES `operationstatus` WRITE;
/*!40000 ALTER TABLE `operationstatus` DISABLE KEYS */;
INSERT INTO `operationstatus` VALUES (1,'Initial'),(2,'Ongoing');
/*!40000 ALTER TABLE `operationstatus` ENABLE KEYS */;
UNLOCK TABLES;

--
-- Table structure for table `privilage`
--

DROP TABLE IF EXISTS `privilage`;
/*!40101 SET @saved_cs_client     = @@character_set_client */;
/*!40101 SET character_set_client = utf8 */;
CREATE TABLE `privilage` (
  `id` int(11) NOT NULL AUTO_INCREMENT,
  `role_id` int(11) NOT NULL,
  `module_id` int(11) NOT NULL,
  `sel` int(11) DEFAULT NULL,
  `ins` int(11) DEFAULT NULL,
  `upd` int(11) DEFAULT NULL,
  `del` int(11) DEFAULT NULL,
  PRIMARY KEY (`id`),
  KEY `fk_role_has_module_module1_idx` (`module_id`),
  KEY `fk_role_has_module_role1_idx` (`role_id`),
  CONSTRAINT `fk_role_has_module_module1` FOREIGN KEY (`module_id`) REFERENCES `module` (`id`) ON DELETE NO ACTION ON UPDATE NO ACTION,
  CONSTRAINT `fk_role_has_module_role1` FOREIGN KEY (`role_id`) REFERENCES `role` (`id`) ON DELETE NO ACTION ON UPDATE NO ACTION
) ENGINE=InnoDB AUTO_INCREMENT=6 DEFAULT CHARSET=utf8;
/*!40101 SET character_set_client = @saved_cs_client */;

--
-- Dumping data for table `privilage`
--

LOCK TABLES `privilage` WRITE;
/*!40000 ALTER TABLE `privilage` DISABLE KEYS */;
INSERT INTO `privilage` VALUES (1,1,1,1,1,1,1),(2,1,2,1,1,1,1),(3,1,3,1,1,1,1),(4,1,4,1,1,1,1),(5,1,5,1,1,1,1);
/*!40000 ALTER TABLE `privilage` ENABLE KEYS */;
UNLOCK TABLES;

--
-- Table structure for table `role`
--

DROP TABLE IF EXISTS `role`;
/*!40101 SET @saved_cs_client     = @@character_set_client */;
/*!40101 SET character_set_client = utf8 */;
CREATE TABLE `role` (
  `id` int(11) NOT NULL AUTO_INCREMENT,
  `name` varchar(45) DEFAULT NULL,
  PRIMARY KEY (`id`)
) ENGINE=InnoDB AUTO_INCREMENT=3 DEFAULT CHARSET=utf8;
/*!40101 SET character_set_client = @saved_cs_client */;

--
-- Dumping data for table `role`
--

LOCK TABLES `role` WRITE;
/*!40000 ALTER TABLE `role` DISABLE KEYS */;
INSERT INTO `role` VALUES (1,'Admin1'),(2,'Admin2');
/*!40000 ALTER TABLE `role` ENABLE KEYS */;
UNLOCK TABLES;

--
-- Table structure for table `sessionlog`
--

DROP TABLE IF EXISTS `sessionlog`;
/*!40101 SET @saved_cs_client     = @@character_set_client */;
/*!40101 SET character_set_client = utf8 */;
CREATE TABLE `sessionlog` (
  `id` int(11) NOT NULL AUTO_INCREMENT,
  `user_id` int(11) DEFAULT NULL,
  `token` varchar(45) DEFAULT NULL,
  `logintime` datetime DEFAULT NULL,
  `logouttime` datetime DEFAULT NULL,
  `description` text,
  `sessionstatus_id` int(11) NOT NULL,
  PRIMARY KEY (`id`),
  KEY `fk_sessionlog_user1_idx` (`user_id`),
  KEY `fk_sessionlog_sessionstatus1_idx` (`sessionstatus_id`),
  CONSTRAINT `fk_sessionlog_sessionstatus1` FOREIGN KEY (`sessionstatus_id`) REFERENCES `sessionstatus` (`id`) ON DELETE NO ACTION ON UPDATE NO ACTION,
  CONSTRAINT `fk_sessionlog_user1` FOREIGN KEY (`user_id`) REFERENCES `user` (`id`) ON DELETE NO ACTION ON UPDATE NO ACTION
) ENGINE=InnoDB AUTO_INCREMENT=64 DEFAULT CHARSET=utf8;
/*!40101 SET character_set_client = @saved_cs_client */;

--
-- Dumping data for table `sessionlog`
--

LOCK TABLES `sessionlog` WRITE;
/*!40000 ALTER TABLE `sessionlog` DISABLE KEYS */;
INSERT INTO `sessionlog` VALUES (1,1,NULL,'2018-09-07 12:04:38',NULL,NULL,1),(2,1,NULL,'2018-09-07 12:06:23','2018-09-07 12:12:59',NULL,2),(3,1,NULL,'2018-09-07 12:13:42','2018-09-07 12:14:33',NULL,2),(4,1,NULL,'2018-09-07 12:15:07',NULL,NULL,1),(5,1,NULL,'2018-09-07 12:17:54',NULL,NULL,1),(6,1,NULL,'2018-09-07 12:20:07',NULL,NULL,1),(7,1,NULL,'2018-09-07 12:21:16','2018-09-07 13:10:17',NULL,2),(8,1,NULL,'2018-09-07 13:10:24',NULL,NULL,1),(9,1,NULL,'2018-09-07 13:49:15',NULL,NULL,1),(10,1,NULL,'2018-09-07 13:55:36',NULL,NULL,1),(11,1,NULL,'2018-09-08 00:00:00',NULL,NULL,1),(12,1,NULL,'2018-09-08 00:00:00',NULL,NULL,1),(13,1,NULL,'2018-09-12 00:00:00',NULL,NULL,1),(14,1,NULL,'2018-10-09 00:00:00',NULL,NULL,1),(15,1,NULL,'2018-10-09 00:00:00',NULL,NULL,1),(16,1,NULL,'2018-10-09 00:00:00',NULL,NULL,1),(17,1,NULL,'2018-10-09 00:00:00',NULL,NULL,1),(18,1,NULL,'2018-10-09 00:00:00',NULL,NULL,1),(19,1,NULL,'2018-10-10 00:00:00',NULL,NULL,1),(20,1,NULL,'2018-10-10 00:00:00',NULL,NULL,1),(21,1,NULL,'2018-10-10 00:00:00',NULL,NULL,1),(22,1,NULL,'2018-10-10 00:00:00',NULL,NULL,1),(23,1,NULL,'2018-10-10 00:00:00',NULL,NULL,1),(24,1,NULL,'2018-10-10 00:00:00',NULL,NULL,1),(25,1,NULL,'2018-10-10 00:00:00',NULL,NULL,1),(26,1,NULL,'2018-10-10 00:00:00',NULL,NULL,1),(27,1,NULL,'2018-10-10 00:00:00',NULL,NULL,1),(28,1,NULL,'2018-10-10 00:00:00',NULL,NULL,1),(29,1,NULL,'2018-10-10 00:00:00',NULL,NULL,1),(30,1,NULL,'2018-10-10 00:00:00',NULL,NULL,1),(31,1,NULL,'2018-10-10 00:00:00',NULL,NULL,1),(32,1,NULL,'2018-10-10 00:00:00',NULL,NULL,1),(33,1,NULL,'2018-10-10 00:00:00',NULL,NULL,1),(34,1,NULL,'2018-10-10 00:00:00',NULL,NULL,1),(35,1,NULL,'2018-10-10 00:00:00',NULL,NULL,1),(36,1,NULL,'2018-10-10 00:00:00',NULL,NULL,1),(37,1,NULL,'2018-10-10 00:00:00',NULL,NULL,1),(38,1,NULL,'2018-10-12 00:00:00',NULL,NULL,1),(39,1,NULL,'2018-10-12 00:00:00',NULL,NULL,1),(40,1,NULL,'2018-10-12 00:00:00',NULL,NULL,1),(41,1,NULL,'2018-10-12 00:00:00',NULL,NULL,1),(42,1,NULL,'2018-10-12 00:00:00',NULL,NULL,1),(43,1,NULL,'2018-10-12 00:00:00',NULL,NULL,1),(44,1,NULL,'2018-10-12 00:00:00',NULL,NULL,1),(45,1,NULL,'2018-10-12 00:00:00',NULL,NULL,1),(46,1,NULL,'2018-10-12 00:00:00',NULL,NULL,1),(47,1,NULL,'2018-10-12 00:00:00',NULL,NULL,1),(48,1,NULL,'2018-10-12 00:00:00',NULL,NULL,1),(49,1,NULL,'2018-10-12 00:00:00',NULL,NULL,1),(50,1,NULL,'2018-10-13 00:00:00',NULL,NULL,1),(51,1,NULL,'2018-10-13 00:00:00',NULL,NULL,1),(52,1,NULL,'2018-10-13 00:00:00',NULL,NULL,1),(53,1,NULL,'2018-10-13 00:00:00',NULL,NULL,1),(54,1,NULL,'2018-10-13 00:00:00',NULL,NULL,1),(55,1,NULL,'2018-10-14 00:00:00',NULL,NULL,1),(56,1,NULL,'2018-10-14 00:00:00',NULL,NULL,1),(57,1,NULL,'2018-10-14 00:00:00',NULL,NULL,1),(58,1,NULL,'2018-10-15 00:00:00',NULL,NULL,1),(59,1,NULL,'2018-10-15 00:00:00',NULL,NULL,1),(60,1,NULL,'2018-10-15 00:00:00',NULL,NULL,1),(61,1,NULL,'2018-10-16 00:00:00',NULL,NULL,1),(62,1,NULL,'2018-10-20 00:00:00',NULL,NULL,1),(63,1,NULL,'2018-10-20 00:00:00',NULL,NULL,1);
/*!40000 ALTER TABLE `sessionlog` ENABLE KEYS */;
UNLOCK TABLES;

--
-- Table structure for table `sessionstatus`
--

DROP TABLE IF EXISTS `sessionstatus`;
/*!40101 SET @saved_cs_client     = @@character_set_client */;
/*!40101 SET character_set_client = utf8 */;
CREATE TABLE `sessionstatus` (
  `id` int(11) NOT NULL AUTO_INCREMENT,
  `name` varchar(45) DEFAULT NULL,
  PRIMARY KEY (`id`)
) ENGINE=InnoDB AUTO_INCREMENT=7 DEFAULT CHARSET=utf8;
/*!40101 SET character_set_client = @saved_cs_client */;

--
-- Dumping data for table `sessionstatus`
--

LOCK TABLES `sessionstatus` WRITE;
/*!40000 ALTER TABLE `sessionstatus` DISABLE KEYS */;
INSERT INTO `sessionstatus` VALUES (1,'Login'),(2,'Logout'),(3,'Started'),(4,'Timeout'),(5,'Suspended'),(6,'Rejected');
/*!40000 ALTER TABLE `sessionstatus` ENABLE KEYS */;
UNLOCK TABLES;

--
-- Table structure for table `user`
--

DROP TABLE IF EXISTS `user`;
/*!40101 SET @saved_cs_client     = @@character_set_client */;
/*!40101 SET character_set_client = utf8 */;
CREATE TABLE `user` (
  `id` int(11) NOT NULL AUTO_INCREMENT,
  `employee_id` int(11) NOT NULL,
  `username` varchar(45) DEFAULT NULL,
  `password` varchar(150) DEFAULT NULL,
  `docreation` date DEFAULT NULL,
  `description` text,
  `userstatus_id` int(11) NOT NULL,
  `employee_created_id` int(11) NOT NULL,
  `salt` varchar(150) DEFAULT NULL,
  PRIMARY KEY (`id`),
  KEY `fk_user_userstatus1_idx` (`userstatus_id`),
  KEY `fk_user_employee1_idx` (`employee_created_id`),
  KEY `fk_user_employee2_idx` (`employee_id`),
  CONSTRAINT `fk_user_employee1` FOREIGN KEY (`employee_created_id`) REFERENCES `employee` (`id`) ON DELETE NO ACTION ON UPDATE NO ACTION,
  CONSTRAINT `fk_user_employee2` FOREIGN KEY (`employee_id`) REFERENCES `employee` (`id`) ON DELETE NO ACTION ON UPDATE NO ACTION,
  CONSTRAINT `fk_user_userstatus1` FOREIGN KEY (`userstatus_id`) REFERENCES `userstatus` (`id`) ON DELETE NO ACTION ON UPDATE NO ACTION
) ENGINE=InnoDB AUTO_INCREMENT=4 DEFAULT CHARSET=utf8;
/*!40101 SET character_set_client = @saved_cs_client */;

--
-- Dumping data for table `user`
--

LOCK TABLES `user` WRITE;
/*!40000 ALTER TABLE `user` DISABLE KEYS */;
INSERT INTO `user` VALUES (1,1,'admin','d16c53b4fc47e9ed04bcfc95584daa1114de615a','2018-09-07','RootUser',1,1,'22d9653e1d1068976770f1c1cf6318566731bd8c'),(2,2,'Kapila','9b17432fb593f3b0b3546e9dddb8679db60d7484','2018-09-08',NULL,1,1,'72270a3c41e986e39c832fc569f98517db987d2b'),(3,3,'Anandi','ef2500d27a8937b1740e44085afca0673bd59207','2018-09-08',NULL,1,1,'7a98ae44900ae984d229d544f45cd13d53b80b15');
/*!40000 ALTER TABLE `user` ENABLE KEYS */;
UNLOCK TABLES;

--
-- Table structure for table `userrole`
--

DROP TABLE IF EXISTS `userrole`;
/*!40101 SET @saved_cs_client     = @@character_set_client */;
/*!40101 SET character_set_client = utf8 */;
CREATE TABLE `userrole` (
  `id` int(11) NOT NULL AUTO_INCREMENT,
  `role_id` int(11) NOT NULL,
  `user_id` int(11) NOT NULL,
  PRIMARY KEY (`id`),
  KEY `fk_role_has_user_user1_idx` (`user_id`),
  KEY `fk_role_has_user_role1_idx` (`role_id`),
  CONSTRAINT `fk_role_has_user_role1` FOREIGN KEY (`role_id`) REFERENCES `role` (`id`) ON DELETE NO ACTION ON UPDATE NO ACTION,
  CONSTRAINT `fk_role_has_user_user1` FOREIGN KEY (`user_id`) REFERENCES `user` (`id`) ON DELETE NO ACTION ON UPDATE NO ACTION
) ENGINE=InnoDB AUTO_INCREMENT=3 DEFAULT CHARSET=utf8;
/*!40101 SET character_set_client = @saved_cs_client */;

--
-- Dumping data for table `userrole`
--

LOCK TABLES `userrole` WRITE;
/*!40000 ALTER TABLE `userrole` DISABLE KEYS */;
INSERT INTO `userrole` VALUES (1,1,2),(2,2,3);
/*!40000 ALTER TABLE `userrole` ENABLE KEYS */;
UNLOCK TABLES;

--
-- Table structure for table `userstatus`
--

DROP TABLE IF EXISTS `userstatus`;
/*!40101 SET @saved_cs_client     = @@character_set_client */;
/*!40101 SET character_set_client = utf8 */;
CREATE TABLE `userstatus` (
  `id` int(11) NOT NULL AUTO_INCREMENT,
  `name` varchar(45) DEFAULT NULL,
  PRIMARY KEY (`id`)
) ENGINE=InnoDB AUTO_INCREMENT=6 DEFAULT CHARSET=utf8;
/*!40101 SET character_set_client = @saved_cs_client */;

--
-- Dumping data for table `userstatus`
--

LOCK TABLES `userstatus` WRITE;
/*!40000 ALTER TABLE `userstatus` DISABLE KEYS */;
INSERT INTO `userstatus` VALUES (1,'Operational'),(2,'Active'),(3,'Inactive'),(4,'Temporary Suspended'),(5,'Permanent Suspended');
/*!40000 ALTER TABLE `userstatus` ENABLE KEYS */;
UNLOCK TABLES;
/*!40103 SET TIME_ZONE=@OLD_TIME_ZONE */;

/*!40101 SET SQL_MODE=@OLD_SQL_MODE */;
/*!40014 SET FOREIGN_KEY_CHECKS=@OLD_FOREIGN_KEY_CHECKS */;
/*!40014 SET UNIQUE_CHECKS=@OLD_UNIQUE_CHECKS */;
/*!40101 SET CHARACTER_SET_CLIENT=@OLD_CHARACTER_SET_CLIENT */;
/*!40101 SET CHARACTER_SET_RESULTS=@OLD_CHARACTER_SET_RESULTS */;
/*!40101 SET COLLATION_CONNECTION=@OLD_COLLATION_CONNECTION */;
/*!40111 SET SQL_NOTES=@OLD_SQL_NOTES */;

-- Dump completed on 2018-10-22 20:53:00
